상품 분류,카테고리,아이템,세부 색상,제품 링크
의류,드레스,베스트,"[17.939509349113308, 132.0038692948063, 190.6369953203809]",https://adcr.naver.com/adcr?x=4ifAuMUy3OGw4MWAI0CSG////w==kcFXGBWES0/dLJ5m4K0WPWy3VoeN6lkPpaX3EV4ql8IoXoNXa93vFo2b/uEuD6px+duxr6cTc6+6VT+1AkuzSLPzgjBm1B/t8smkR0N/aG272yDAJbqY/JkGfOxdrkIQOFEfWbKXsqe8sFw8CmWmL1ZaHS2LypSPhLyJfm0GZqOwfvLsuZAdKSMk8uIBP3GaoZUKe4UOFA+LRRlvSyCeBlWrlj1iP/Tes25osWIQf2PsVrdn7ulX+fzEzgrYWq6kazWhZlGIuJLOrAUYnR1GTOC7PvwK5nE1+5u+hw00Bao8zLn3SUmU1377ZGkcrGKeLkrcm53NJ6mYVYGsK0K/0M0NuN4eET+a0ByU9OsyFhiW+vJK06XDt66UKtH7+feB+/jr73m9UOFJIFJQ14O93Hu7SmnMVFTyr6kw7Xya1JzzPKhvf/ZGGzop27g+yWwHwfRgTsXRz+RGTTNG7z5Y54AqAB4Wa3W0+GhlkzQmEfvgCwUiGxdGfqeywVRaFOavuisxcyad5kuSKE47heuFzLCVNY4Ier1WAku/cQn6EV4u2C193dFmLMkHRZ4oePuZckTEH5otdQcKDOXHOZnVgm1RexrRm3hkbh71pr8FP0eHZZbyJmFlrxPyPsB8AZy7dsqgQEbv2ATHL0k2I21jVec9LoTyNsfqMHfjepZjYMeGI7MCgy3G3qutQF2T9aGLsdOX/Zfg7zLotH9Y3BC5qpPDEKxF5Xfl096QoyCdyTti6AYKb7PWasfDIs1lfJsYMKNyV11Trk9fUIPFqVSjWw0c8q4zFauQmuTbf5a/u2ucsRotbfINAkYwnWrAgoGJ/QiZJ1vZskaFkm4I7EHvfiamScJyHGPUu0Z8kXbaznljTZ4p/0C48j/XzE+b4KKGlm7cxntGRS2ePPRRPImVgS+4eZSfpYpbHMgRRXUYoJRs=
의류,드레스,베스트,"[46.66727812037075, 43.13589883693078, 49.70587776130938]",https://adcr.naver.com/adcr?x=w8p7UO7RJJ2t+Fxs8tpMlP///w==klvPJqFejhkZ43Sn2QbwSSYTNM/0cRcLcV6SuqVZ8U53uvu7VZtxBA36NA8hV1cU3mhPwOJt4+Cv7vGgj80Nvmv6VUNCVPIkIDbZ9QnuSUj3YJaAm6H9No71U3Zh4qvdxxQE7wduWpehf5myfWcgqPn7Ooy6xhYAkiD2y79z441pF1iOLOOZho/ddiqlDItVnPxHwSdMddAbUMowppuAvD/ZrKT1Ct7kr8sRNEPkZrCZ4YW3qAK+ImGdvWyQom7pMw8nHgrlnaXVduSsQNO2pYzmyOXU60lAkU6RT9nGk8cSXasYVUs/waEMD3VldcTjfnGr3FUKnSRNgOcy81fEd2zgUvVVJsfJ5QhaIQM2TNCPqJfWr8amdB4TgDZEdPc6Ke46+N27ZtDchCLvhmVTSz8yae4bVl/ySUkQqh5xz0gUMmpbKfxNpMkZw5lQ0WaKel/StdSfCWyD/FaCxUi/DGi6goylaeOwv99VvFxyFq8y6XC/vm+wKGcqxGM0x1x4bVoeJPF5+RIuKabXcpszF0QE3w4gdu3OajEfE/AFi7WPomjIeaHcVUFZ5LsvlHZ+awMdYsKT50b8f2+f0GSGAFYEEPiSBwcBeb8xG1btmfaBoLxXpD0h3vUZ6iR8yw85677iD3+BOL1zrSlEPlrXIE0KXxLkfIZ1K4HMu8pRuO0oVEVHemWlryRms0+wgLPaY4qmeVuAUp2PbaJjw5nW2PozPViyt8iawXvd/ttxmJ2QDL5cICY6qclFXcviq05U3ldofjOrA6VWc4f4lGlfAap9mPGWfA6dXENAmeAGx4SDtyp7Kn2TZMCJs9kMLijXKeJBTRJ+ByK5xmBKEVhcUtU9UPPo7CzkWm9GzYZn2eP/X2ghNs9mN9Ku1CZIdNCD4rqVn2yz3SLyif/d7CrnOZk10bcK/9zFNmdShskMT7t4=
의류,드레스,베스트,"[251.60209921918812, 251.7697258946346, 250.91846325451365]",https://adcr.naver.com/adcr?x=21brEviKGCNjIHZNl9QAvv///w==k4czkqQSQMw87YMWkp/P1nywF0FLbYLd69RBnIoOiCZ7sKyfor58RYtGjHakTbfozt5Rg+ANZQEjPxcC3zg6u76glTmlMZkLLT3nzmeIaNmxyHZu4uFr7zRoFkzQsQjU5qIssxG1jeCgM6XiF4iaGzzA0SPHnyZkwrIY0+Q/35zJnpfgcpJu4UUkJ06kFS5DcKc2Oz6dRgODgC5xuSjg53dqRkx5BShMoLAzfButjGK3XtaJ5HbQ+CguRQq4Tcfa4q8UH+65zGxLUi77Rs6I7b0+ieTyGTlUDrH/MJzWgTy7lXdslOp9ApcqhS+Is9jMj05iXqVvnysLofxOx5y0Vuy4JV01dik2lhSLYT21PnIIZf8qhpPkhaXuhrePuS2c/lCYcTDKFMCV4EijUn4JF+xwKB8JMOet60TYFyU6P2q7vGmznmQQbMwq+RHKL2pbEF4PgzRFvTcCe+C/0lua9MPH7aIdk16yJtgIZIrW8eH+a7jIZ218/MFMwnG0mbrzaLgu4IMGYFjsdd/uJNyuw3+SDVj6jaDVMQ+5SH9goHYdb5at+NYr5VXX29/UiDeWZGpoEyJWyQqLPkk1P5WGn8coZJ/rJHZeblyDimoN+yrvot+rD6Mness4NP/bmcxOb0R1gxd6e/A5Y5yyBY/RPyc+cMLqWribJczXR6yMwYJPc/byK/kveeyCJRKwgPKEaj5q25gH4M1Yv2qp+zA0dj6EsJ9mDM3nP1K4E6Rz/c0DwDjBcB4bch2BmWkYQcApYE3LnnJ2oSkffWhis2H7ou+aAv4qSout8QvGrpYeUfsCZr0JRFOioYoF1PHYIRNXoBa9dLbSr4o1G5P/Coj7XqKLzoxAByWOSOGH+0bev2bo=
의류,드레스,베스트,"[167.06355821069624, 153.4262275972626, 137.84668512312487]",https://cr.shopping.naver.com/adcr.nhn?x=EDLJupSUh0Z%2FYdp4TSOHrv%2F%2F%2Fw%3D%3DsOfx1TH%2BBs5CSXq25lShCt7as39uLeLeyPzJLv6xEuzxAVSeJMwVEQZ9NYLvG80R%2BqC5CxCqap89YYvFKjjrSGy00rbIa894zSkvdqPxzRzzbDDWfpEkMbpZMfqpAgpMUAWoa3Njp50x0Yc3bccFxi99%2BKy%2Fm0d%2BgYWHtEf61Jo5CNclKwvLyA%2Fys%2F%2FHPPajL2eHHBJLPHxafOxbL7ukk7S19I%2B2XRm0iIPogjjaGx4dUQedMu%2FUrZqrwqVgEvM1NzNaXEJNDqzR62lnx3aw6AKsJF1TG8DXvuOXRWh2aiSE1QmeK3ZPITzKHcbEnR%2BI8Xlvm4gJAXeAyaMj1Ky3svokUfTLcsHEJ5Usdi%2FCwLbBXfqiCwBtPYYwEdSt6i2JABI%2F9zjlmXYUG9YuAe5GJ0JHXiFaGHEkykNnwdV1ciLu55SMQfO4YXDA3m3V4SY7NyhMvF0WcIR9WpdDhsIPItl5PzSCFzRS5Bd4lYS2LynCIWbC7Pqn5ONmX4hML9%2FWfeBQ%2F4G8gRoZ8PJCTZdI%2FkseXT%2BCmd6tvj2PQ0QhkTd%2FvW2q1ZBpuV%2F%2FvtKUgTGHnnIM1d%2BPMBCLDzrQZQiijIbaVBHXr%2Fwka%2B1POiZMwwf9WhZ3SMHTcLlpircdRzUgq1JIslBmdxaTx7xO1%2BPPoWw%3D%3D&nvMid=32879479857&catId=50000817
의류,드레스,베스트,"[211.30433887275828, 210.3966969378705, 206.9941516855078]",https://cr.shopping.naver.com/adcr.nhn?x=qxuKfz%2BG%2BY25LqV2WAT4h%2F%2F%2F%2Fw%3D%3DsWXeAqgZkIQYwzAkytbbQFYd62rWP1iGCDVmDrGA41nMvGxzS%2BFZMaRiAp4AZ2pgxXjWhRI8JFMoZfcIXY96V3%2FhNdBIktAcPdnbSd6aeqv0tL%2BYYSp%2BBACYE870p%2BtxP9ZZI9RHFm%2FZZP95GMFCahcv%2BjB2erv%2BZ%2Brrs5VHOiTQgGE7%2BZatKjf5hEf1XctkKBQkuDZ6ihArHVJHXU5ONRTyTQpvj%2B9n20KCOa6yVum0jLZO4Wx3wF73m9BM2jIO9bkORMgMx07JHY7NFMatuwEPg%2F6PYJW9LpCSumzPJoigK7CtQzZWLlur1%2FFge4%2BEpAJ3pKibwEsjIBBPCUdM7ttm9Ja603AxIBctEzMJrPol4rZSSVWEufjxpmTdOLFCRobeWSwjUtyL6sfzbDrlW98b9fe38o2Eslxa66FmBFHYQ2V%2FZZOw7bwic5FhlvjtQxwZr2NR1kEi%2FjLIU2Sx52mgwc2GY4JSaixqSvoZ65DPCoXvaAc7cbTQKkQTwFEeUcBiDnkuqbTVsJt4%2FLRcFi9fA0tXigTid27xbPBDGTNB8OiVh0KUaojCVMNDDFdtU3%2FZqUSSDgsqoUshPQ5BEFpiCjSxN4OeflhYHB7EtjSOIDf9TYDOC4LzgCehLsur5hijupcSv2z6jm275JVXVYRjrQ5f9MiG0iO0BGOb5ISrHICEQpPL7Rm%2B2fyhjEhHR&nvMid=32289545725&catId=50000817
의류,드레스,베스트,"[159.30407363218396, 152.4575876370608, 145.3571766755724]",https://cr.shopping.naver.com/adcr.nhn?x=NoOp9RDJkOZKif1Z81HqzP%2F%2F%2Fw%3D%3DsWhNPYCyxONv%2F3MHHAJJS%2BdBoqm3o31unX9WPkcllTm9AVSeJMwVEQZ9NYLvG80R%2B2eeeGM3OTuXrJAMTBFbfpi00rbIa894zSkvdqPxzRzzbDDWfpEkMbpZMfqpAgpMUAWoa3Njp50x0Yc3bccFxi99%2BKy%2Fm0d%2BgYWHtEf61Jo5CNclKwvLyA%2Fys%2F%2FHPPajL4M5IKVr3BnktMuS%2F7qgbnC19I%2B2XRm0iIPogjjaGx4dUQedMu%2FUrZqrwqVgEvM1NzNaXEJNDqzR62lnx3aw6AKsJF1TG8DXvuOXRWh2aiSE1QmeK3ZPITzKHcbEnR%2BI8pUVYLFcjDLtQRCLkt9HMlx5lHK6oUH5TPf%2BUryYDig1XfqiCwBtPYYwEdSt6i2JABSa2TosDm9gozjpPwO4L6CeXK9zsWMeyaerziTniPRm55SMQfO4YXDA3m3V4SY7NvHw32m9N8OEJmamOMl%2FarxH3DQ%2BPC%2FK7oCj7chRiUyho9OcWuf1UFaClov1CtfK8o64ifB9DVeZ8ffla9GlFdno3cFkENg6r3QKAFDoaiTOYV1fMsaNts2APvyd9AJdN%2BgtF15PMkmjkNDmi88yMReHmX%2FEthyQvIP6Xv96k3KonPs90OWh30SiOjjmhqlzHDhLBwu%2FFQS5xWYf5w6G3jQ%3D%3D&nvMid=32609052006&catId=50000817
의류,드레스,베스트,"[231.34881811704585, 231.3028594442242, 231.263034790417]",https://cr.shopping.naver.com/adcr.nhn?x=ZFb5uyKtKbjCWKyK5QOuSP%2F%2F%2Fw%3D%3DsLXtCpYQ8QT6KiUgPMHfF99N9bsjW7VJTBNuKvUDaQBpAVSeJMwVEQZ9NYLvG80R%2Bw00A%2BJuOtnCCKsKhVbDY1y00rbIa894zSkvdqPxzRzzbDDWfpEkMbpZMfqpAgpMUAWoa3Njp50x0Yc3bccFxi99%2BKy%2Fm0d%2BgYWHtEf61Jo5CNclKwvLyA%2Fys%2F%2FHPPajLmgxhsguxIKEZaZ5UcZE7jy19I%2B2XRm0iIPogjjaGx4dUQedMu%2FUrZqrwqVgEvM1NzNaXEJNDqzR62lnx3aw6AKsJF1TG8DXvuOXRWh2aiSE1QmeK3ZPITzKHcbEnR%2BI8qrIuINJ5DOsFHFCUq1sd6pAsy%2FVQC%2F9dirqHoxFUK2tXfqiCwBtPYYwEdSt6i2JAPcL6UGswIz5QmAxfNC4%2FG4RZyQdVf2pQO%2BbP3KFIDEuw8593OR%2Br4qxUoJ1uSinamNlptyCKdFxZ%2Bbpwmdo%2Bi2YyLIYgNuVjfXbk3MN%2BGFlYophjEewHsXkWxn80E7d1LDvE%2FPAn41fZ8YgT%2BlB2HRpixHqOV9LheSo7Jo0IOGgDMJ7W168Fx6Xb2IXbXdxtACi9PDjuAd%2Bh2IKOaqgdQ46%2F74bs%2FzNmznhIO5N5zjVFTnkaqULU%2Fw1Sk3tqwkxl8W5voTBUedFaNxlYUoHtNoVsN%2FiAcjmtIwlTUFZwg6A%3D&nvMid=31691596614&catId=50000817
의류,드레스,베스트,"[193.45695140318747, 165.17124150862224, 119.48224879354288]",https://cr.shopping.naver.com/adcr.nhn?x=p6YjqrF1PujXd6lPxZpVd%2F%2F%2F%2Fw%3D%3DsHkYGF41VF4cfK52bGXUm%2BjNZl9yMit8cQqM4SxgkdjAvGxzS%2BFZMaRiAp4AZ2pgxK3LN4WzyNX5u%2BLuJDc7qpvhNdBIktAcPdnbSd6aeqv0tL%2BYYSp%2BBACYE870p%2BtxP9ZZI9RHFm%2FZZP95GMFCahcv%2BjB2erv%2BZ%2Brrs5VHOiTQgGE7%2BZatKjf5hEf1XctkKVFC9u5Bv0LL8g1Yamm9N7DyTQpvj%2B9n20KCOa6yVum0jLZO4Wx3wF73m9BM2jIO9bkORMgMx07JHY7NFMatuwEPg%2F6PYJW9LpCSumzPJoigK7CtQzZWLlur1%2FFge4%2BEpG5K4LbFI6Pe%2Fi9FeHYHkTzPlEDfNB6pgrHEXJkTxuHZ4rZSSVWEufjxpmTdOLFCRn2avpmnNDg4Rk4Ko0OX83wZUmNA4gxLTebXdgCfMUNDe%2FPtHdaU44P2wcKKBQ6MQUv6bT%2BKJe7XpCEZ63uU41E%2BX8dw9QAbBt%2FywOciuPKLPX9ckPJGYddScE78bfoKohIat6%2BU78Q4mN8L%2BT7OUbKuz55CkDkZ9C2vGiE5aVTXRY%2BSTOB%2B1rphxykcMN4bLXGfKYExq7uG4FGIUYcPNsahpWhl9Q1GMCJ5r8j7WP2oBVwZTY%2B4kX%2BpXUsbH6xFzB%2FCJVtjRZrSQoTus1H9DXHBE29SJ6jmMh%2FGeL84l9WxTXKVcQSKSlSF%2BUb5G6VM0Bq7h9PA5SrIXrcWPClBGWw%3D%3D&nvMid=31237796126&catId=50000817
의류,드레스,베스트,"[191.10577917696796, 189.5779626714589, 188.05790420508382]",https://smartstore.naver.com/inflow/outlink/url?url=https%3A%2F%2Fsmartstore.naver.com%2Forora5&channelNo=101524785&tr=slsl
의류,드레스,베스트,"[17.92256541769578, 64.00719424460111, 112.2558609263973]",https://cr.shopping.naver.com/adcr.nhn?x=LwEA7sBQqZ7Njq6u%2BFgyC%2F%2F%2F%2Fw%3D%3DsGbNSPhY3EnO%2BH%2FMR9uN6rA2O%2BHklbsEB7UorSaXqLyEvGxzS%2BFZMaRiAp4AZ2pgxpzRO39S0vZoYEYmhveReBfhNdBIktAcPdnbSd6aeqv0tL%2BYYSp%2BBACYE870p%2BtxP9ZZI9RHFm%2FZZP95GMFCahcv%2BjB2erv%2BZ%2Brrs5VHOiTQgGE7%2BZatKjf5hEf1XctkK%2BHDKpzmOyxOerocZ6rRTqzyTQpvj%2B9n20KCOa6yVum0jLZO4Wx3wF73m9BM2jIO9bkORMgMx07JHY7NFMatuwEPg%2F6PYJW9LpCSumzPJoigK7CtQzZWLlur1%2FFge4%2BEpIPLS%2BW6oIp%2FWTfWRbcqBvnjnLwOI%2B8qW9421MDPZOqB4rZSSVWEufjxpmTdOLFCROWOaDX%2F9NWWzXjjKhmURtW4Jfup8rDe4spUk8vsQQKEp6a3597d4fTOhHSgBiijiy7foROsfPcE8%2B%2BVlvRe56TGatl8zEpNhwdBcBl%2Ft9DvUzU9Y%2BLZnuzJB3yZw4tFsXGfKYExq7uG4FGIUYcPNsYiqYxGQpz%2B5Jy4a%2B1FiPJXkDTNxJ20blEcZoVuYYNAtFQwuyGCI%2Bg3dUVY%2FXoQXMXQpgVXrW8sDZwZJItONSrZiFRB1dqSumvqa71Cl2tXzQdAiJdwXirBRdnaxfvrBbw%3D%3D&nvMid=31673999434&catId=50000817
의류,드레스,베스트,"[217.74860056531156, 215.1983410002057, 212.97058877864953]",https://cr.shopping.naver.com/adcr.nhn?x=yRdC%2FlNNG5t%2BsnyP8PtVy%2F%2F%2F%2Fw%3D%3DsowJNrfkNduZNwCcionXeCiOyO5%2FkZXp%2Fzg3NgSwboQYvGxzS%2BFZMaRiAp4AZ2pgxTmx8GvosROA8D3JvxPopC%2FhNdBIktAcPdnbSd6aeqv0tL%2BYYSp%2BBACYE870p%2BtxP9ZZI9RHFm%2FZZP95GMFCahcv%2BjB2erv%2BZ%2Brrs5VHOiTQgGE7%2BZatKjf5hEf1XctkKOqpgvlB1jZPDTQP93u9rqDyTQpvj%2B9n20KCOa6yVum0jLZO4Wx3wF73m9BM2jIO9bkORMgMx07JHY7NFMatuwEPg%2F6PYJW9LpCSumzPJoigK7CtQzZWLlur1%2FFge4%2BEpadGJ%2BAq0PfETwoX7dVSVwvQAe55F7LXidcmcWoGUW5J4rZSSVWEufjxpmTdOLFCRjafAPIJ%2B0tSoOYi%2BDQ93edwRQyT5iDRlXdtlKXilPLLtGLwLBVM%2BcF7qIIGdZmfvAk8RYD%2B4giScNk9e690DP9%2BOiGNjer3iqIsjPYqVzU83Rs4ZDPOzK%2FPe3HMG99rM77ndoFq7qh4bp%2Bk0I2%2F82Jw%2BBi0iSarwXKb3slEApzJJUSkKaQu%2BsXSGAzEwQ8%2BWT8AlxSYkXaLH96LNyv1p9U4R84F%2F9JI5Mmk6IxO5EhN9lRnVEHohT%2BM4x985T9aPVoWd0jB03C5aYq3HUc1IKtSSLJQZncWk8e8Ttfjz6Fs%3D&nvMid=31693245360&catId=50000817
의류,드레스,베스트,"[221.574410930736, 217.6942311837797, 215.80438423399636]",https://cr.shopping.naver.com/adcr.nhn?x=EEUJ4I%2Bd5%2BPpSBahM6rGVv%2F%2F%2Fw%3D%3Dss6ocYa7mXkxZUawaQtYnlo4freu7CdBCYLpv0jhFwvFT%2B6Z%2Bzy0Mof3AKRS2vlwD%2BbVkp%2FKFgOOvPvIebj1YSKqly62%2B7GKy3MVmxquF6KmULbnLAPlz2yyeevgWPxu5es4wSU6q%2BwkmiwQ19Xt3aFVd6Z%2BmZ5fvTALbBBPmfKJ6LYABWm6lRkxVNeHofoG1wruIERujyS4lp0sHcfeTEKjrWFmd6%2FnqYaueC0lSqh6OAuYjplewsk04yA4tfhM67o7bBwNPrTs31jKktIwfqMOmY27ZGze0Q%2BtXRlM4OxtarJoVrbEtunAYIkKGowOqdU0%2B1VB4YPMqwVUap7746CEhb%2B5%2BbgCLWD5ufmjwVaASs5FqE0IwSNBYNYxdhYVy%2FmRGQefvj33EI7F07%2F8U0KAhfbmRc6T9Q91MqoVII6qVU20kfmdyo3C2kqUvT0uHZGM3w%2FYfLPlv2ZfTDszT%2FYDf%2Fdi6gCvN5Aa1Ixaarcon06dzzeFBfoEv4tgVPAZUXGfKYExq7uG4FGIUYcPNsS7L8x%2BSYCS7SBlAwWnmuuR580PV1t3S9iUqSrs3IXpE%2FVufBYHffttjdnJnUItl9%2B8mevnrUV%2BzGI4qW%2BiOtQ0H%2BjE%2B%2B8PQjOSlsJtfyx%2F9HRyPBWbUFRhWScTsgQynPg%3D%3D&nvMid=31894110875&catId=50000817
의류,드레스,베스트,"[207.72201933750452, 201.90567737576262, 194.72969320613396]",https://cr.shopping.naver.com/adcr.nhn?x=zMpIzMATc4qfJ0cuPK0D4v%2F%2F%2Fw%3D%3DsfZNbfQq5SqE6U3oQP%2BKMv%2F2ZxIS11cQkgUYb2pxVIjJAVSeJMwVEQZ9NYLvG80R%2BC0JCc68fjI0BE59vyHrKLS00rbIa894zSkvdqPxzRzzbDDWfpEkMbpZMfqpAgpMUAWoa3Njp50x0Yc3bccFxi99%2BKy%2Fm0d%2BgYWHtEf61Jo5CNclKwvLyA%2Fys%2F%2FHPPajLmBLXiUD1VFlmTVtI3GzpVC19I%2B2XRm0iIPogjjaGx4dUQedMu%2FUrZqrwqVgEvM1NzNaXEJNDqzR62lnx3aw6AKsJF1TG8DXvuOXRWh2aiSE1QmeK3ZPITzKHcbEnR%2BI8vUOXcBiP0IKChWyMywNnljzp5%2BT%2BP4wtXbjjyjE3hW1XfqiCwBtPYYwEdSt6i2JApW0WHfUSCTdBAXgU744DgIWdvbZxai1IPHtcWk7c4HOw8593OR%2Br4qxUoJ1uSinaEhN4dQS%2FfEs%2FICy2MAwt%2FFlvGfxrW10Nmuc51Bn6PHTd%2Br%2Fm97kLpohZJbJMGQee4ZDOpqOpkpchn904exSS%2BuBq4%2FcxjC3PFavTGQ7n6Vd4FD%2FgbyBGhnw8kJNl0j%2BSGczJzaui2y4%2B0tJfqeWfcKFhn%2BEj%2BQ3ziN7qT%2F5t%2FJfaeVo2XIU4DGCi26m9HuF9EJx1J8PpvmMSdN9INdFmoW9TZjqEQTAbFzUBl8432wvhVEAf6wwM5tqtSh0bB5Hx&nvMid=31888058528&catId=50000817
의류,드레스,베스트,"[76.57789144881323, 64.41133309574364, 56.69474434497886]",https://cr.shopping.naver.com/adcr.nhn?x=UAj8X6OU5sSZJYx%2BdK3RPP%2F%2F%2Fw%3D%3Ds69W%2BEJGgpuh2FwgLs9sn7%2F7tU7jJNx6XL%2FYQDxXZHAlT%2B6Z%2Bzy0Mof3AKRS2vlwD3jY2KMIc%2BLm4fqouSdclY6qly62%2B7GKy3MVmxquF6KmULbnLAPlz2yyeevgWPxu5es4wSU6q%2BwkmiwQ19Xt3aFVd6Z%2BmZ5fvTALbBBPmfKL392rcVj5mouEkJq8zyckjZ%2FeMCxsXFh1mz0su0qIqmqjrWFmd6%2FnqYaueC0lSqh6OAuYjplewsk04yA4tfhM67o7bBwNPrTs31jKktIwfqMOmY27ZGze0Q%2BtXRlM4OxtarJoVrbEtunAYIkKGowOqXyF5pfQezGxqQc79tik31CEhb%2B5%2BbgCLWD5ufmjwVaASs5FqE0IwSNBYNYxdhYVyrSlhxMkGDLHXf1jpUURxjqAhfbmRc6T9Q91MqoVII6qKQXgsXjnrF1n6GhKMLy%2FB6Q8JQzupHsZtq2tkeA%2FnmZHjB%2FWXlTy0O5koTln4laVpVFdY6Yxi4sfF2fyhF9FO9SdtUyXaoXszi7H5IrtVVgca6dJdYyjkXpu602KKMp0NauEcRynSn%2F8orOK7nc90ZTAUxdNiXuL7FEOYF%2Bz8ST7nxb9yrhFbyWX2Q1ZWos9Xc50eBITwugSNPH3Ok09sVpGw61BSdoQRvEGgfFlc5w%3D%3D&nvMid=29671488477&catId=50000817
의류,드레스,베스트,"[188.9224379607453, 180.22232374623613, 139.52353857335285]",https://cr.shopping.naver.com/adcr.nhn?x=6M3rUtc%2FmUC4pccpVM5cG%2F%2F%2F%2Fw%3D%3DsFMYaeaWjwiaFVOVF%2FkH%2B%2Fg%2Fq7n2etJd%2FKmLmTijbYelT%2B6Z%2Bzy0Mof3AKRS2vlwDqsKtKK%2ByI9MhuiklD8aBgaqly62%2B7GKy3MVmxquF6KmULbnLAPlz2yyeevgWPxu5es4wSU6q%2BwkmiwQ19Xt3aFVd6Z%2BmZ5fvTALbBBPmfKLEU00i1JulGcGSrV3w%2FPWP7wJ4dVcngWSJZfKXEH7dVajrWFmd6%2FnqYaueC0lSqh6OAuYjplewsk04yA4tfhM67o7bBwNPrTs31jKktIwfqMOmY27ZGze0Q%2BtXRlM4OxtarJoVrbEtunAYIkKGowOqnb%2F65kBqh4b8qsx5k22YXSEhb%2B5%2BbgCLWD5ufmjwVaASs5FqE0IwSNBYNYxdhYVyGpFg1Zv%2BWUcW1eknWMI0VaAhfbmRc6T9Q91MqoVII6rw79EWTBU6UjgyyXL946WFFYB0%2FT%2BkC1eoWDbcPcqfZqyGC79mb4mWVRBbCv6OdhfbdzbOyvSuQ9LrkuL%2FmjX8dkDm3AJE2d96y60Ijfx%2FEBEb04S6sPPssFRZpojVwhryNHyBUXwWVD2ki0TxnNzyXOmi4jO5bVeHMB30QEQ%2FljUoK4IseitR1dll8Fh%2FDIa%2FhgaMkJIhbUi8HFdPXAb3BtGg9Iv4RJ5EvQ4ju43SreRtMrrure2vRMUQlHGk8hcOEsHC78VBLnFZh%2FnDobeN&nvMid=32936144847&catId=50000817
의류,드레스,베스트,"[30.010175520448456, 29.486967170103156, 31.153478336916606]",https://cr.shopping.naver.com/adcr.nhn?x=GN%2BQaLk3HOFpmw%2BqmvJr5P%2F%2F%2Fw%3D%3Dsgdii1IbLI%2FPY%2F0YiSG9O00%2FC%2FnKCKtcCzWr3WgkFe%2BERAs0PqA86DbgpLCnT9VtWKzroNcsDOVHiXuS3ogxr8K9Fyf7vCKRBYTtD8vm3H%2FqgQ12iRtmLx%2BjPsHyE2CRLp3QZG4sXEMz5%2BoxDDT0JD7ngnxQ7ssMZd09T0OjyjIzo9R7UBEzJUMhNB66UNWx0vvWk7CQkRnMTR35X39xAy5Npunm3mvjyJ46mcfM9vJ%2BzSRAl%2Fq2%2FiApUWwd2pHaEkfdSrl6snCGZpTF1cStkhIBsJjzV%2F3vl5Lmd9HbkUGI%2FzdYC%2FwYAihDQzAs9Z5v9GLAYzR5u0%2FRnsm0vR9JP%2B2ovNxFWzA781dOsDXmXgY1yV%2FlQkdvakUXDmgW9DOWWIXuJY8howrwB2jQz6aEFZpw9%2FDMX2S1ZzF2txO07wpRaryP%2FTbhesol%2B9XvVSr%2Bi%2FCG4jQ8Cpjqhh%2BDPAz%2BHy8WI9KPOAy3yOm%2BCPzyAS1EnLDx4jCw48l%2B58K5SIdWnsUsskZAE9uZU4I20PhvKMAhwPTzZdVBFCnMYczAMHVAOkgf5GQjgpnOp0DWHCp3U71tqtWQablf%2F77SlIExh546R%2Fq%2FA1ePrKrQh1Gh15pgCBFqkiHYmQh3UBK1zpg7bb1NmOoRBMBsXNQGXzjfbC%2BFUQB%2FrDAzm2q1KHRsHkfE%3D&nvMid=32237231918&catId=50000817
의류,드레스,베스트,"[39.59009619934943, 43.86569941647741, 51.66566787574651]",https://cr.shopping.naver.com/adcr.nhn?x=Mz7BYbDyu8gVbYEvrFixgf%2F%2F%2Fw%3D%3DsaB%2Ft90ur%2FNLJ0g0hK45xQwSCag04q9yFAFww%2BOdeHFtAVSeJMwVEQZ9NYLvG80R%2Bf9ixdR6gg%2Bvgo%2B1muiBeKi00rbIa894zSkvdqPxzRzzbDDWfpEkMbpZMfqpAgpMUAWoa3Njp50x0Yc3bccFxi99%2BKy%2Fm0d%2BgYWHtEf61Jo5CNclKwvLyA%2Fys%2F%2FHPPajLYVDCtTzub%2FdPQyt93pZ5%2Fy19I%2B2XRm0iIPogjjaGx4dUQedMu%2FUrZqrwqVgEvM1NzNaXEJNDqzR62lnx3aw6AKsJF1TG8DXvuOXRWh2aiSE1QmeK3ZPITzKHcbEnR%2BI8%2BFZXlTR0Z4WknAA3BJb47i%2FFGdJiRrNR6kb8xG0%2FC8RXfqiCwBtPYYwEdSt6i2JA5u82Wj81E5rkwWlYq3OYbluwh59PfZS%2FkQV%2BZUBk%2BtGw8593OR%2Br4qxUoJ1uSinaEhN4dQS%2FfEs%2FICy2MAwt%2FFlvGfxrW10Nmuc51Bn6PHTd%2Br%2Fm97kLpohZJbJMGQee4ZDOpqOpkpchn904exSS%2BuBq4%2FcxjC3PFavTGQ7n6Vd4FD%2FgbyBGhnw8kJNl0j%2BS1rgoqimoYGuZRmTyv7oPMqFhn%2BEj%2BQ3ziN7qT%2F5t%2FJdiGIzOSre%2F3P7FABbCFF%2BINO6xtMGj2xeon48DHUSnFBFbRoet6Ds2%2BUbR5MEJhawGruH08DlKshetxY8KUEZb&nvMid=31397347869&catId=50000817
의류,드레스,베스트,"[69.74177087600287, 53.770482250284104, 55.047327306523314]",https://cr.shopping.naver.com/adcr.nhn?x=RqZN8C5KQ%2BmRfNlyq5Ao1%2F%2F%2F%2Fw%3D%3DsSF1DVJKFfiWtX3mR%2BjozNlwmRBILRSwHdf1%2B1QdqSlMvGxzS%2BFZMaRiAp4AZ2pgxoc8MtW7JdOZKtS50JjcrHfhNdBIktAcPdnbSd6aeqv0tL%2BYYSp%2BBACYE870p%2BtxP9ZZI9RHFm%2FZZP95GMFCahcv%2BjB2erv%2BZ%2Brrs5VHOiTQgGE7%2BZatKjf5hEf1XctkKYduUqNXhDxKQiDqZf8At%2BTyTQpvj%2B9n20KCOa6yVum0jLZO4Wx3wF73m9BM2jIO9bkORMgMx07JHY7NFMatuwEPg%2F6PYJW9LpCSumzPJoigK7CtQzZWLlur1%2FFge4%2BEp5SpengeC%2FjavljEAXISNKkTQe8hljNiyyePLB6gjWsR4rZSSVWEufjxpmTdOLFCRqnMTklNwYN42oJw3iS1ymXornTeMFMWI76yU7BvGjg5e1dKIhwjllf5DwvT%2Fpq7I%2F28LfU3cvCcQ7Nifau8w69zWTbr7vviOsAKq14K35RfLXg9YnrMM5u%2Bl%2BnTLIzL5cHwLc1A5CHxKoykNQkDleShtsNjrZ8kteWTdx3uE7ZJoEnEfqdqPgq7Gh%2B44%2BZllPe3NqzB4hp9uKJClodVhbhLPHBVE1X9hF6ZkrnPWwISmGBtyY%2FFDaW8L68WZWyD%2Bn2eAmFD9Tj7bALft6m1fyM2OqH9l6YII5ugOGfB4CYY%3D&nvMid=31877226917&catId=50000817
의류,드레스,베스트,"[149.17882293762938, 136.23787726358026, 126.68576458752426]",https://smartstore.naver.com/inflow/outlink/url?url=https%3A%2F%2Fsmartstore.naver.com%2Frkskek&channelNo=101155381&tr=slsl
의류,드레스,베스트,"[132.07988094762507, 127.33188845831211, 122.24867164715702]",https://smartstore.naver.com/inflow/outlink/url?url=https%3A%2F%2Fsmartstore.naver.com%2Fbadambadam&channelNo=100087178&tr=slsl
의류,드레스,베스트,[],https://smartstore.naver.com/inflow/outlink/url?url=https%3A%2F%2Fsmartstore.naver.com%2Fraond&channelNo=500271240&tr=slsl
의류,드레스,베스트,"[53.30764522998096, 67.34796445444209, 59.483292124649154]",https://smartstore.naver.com/inflow/outlink/url?url=https%3A%2F%2Fsmartstore.naver.com%2Fdra53&channelNo=100574255&tr=slsl
의류,드레스,베스트,"[169.29224014927027, 133.93201624409676, 105.41602458566317]",https://cr.shopping.naver.com/adcr.nhn?x=Aso%2BDQUl9F7rF3zpAFabAP%2F%2F%2Fw%3D%3DsWPnlqCd%2FkYMcPOZnjvodxhUbHCx82V3ESLJc01Prz71T%2B6Z%2Bzy0Mof3AKRS2vlwDp3iwVNlgGfC7Wlyyps5LFqqly62%2B7GKy3MVmxquF6KmULbnLAPlz2yyeevgWPxu5es4wSU6q%2BwkmiwQ19Xt3aFVd6Z%2BmZ5fvTALbBBPmfKJ6LYABWm6lRkxVNeHofoG1SqDCZfgGsqjL0ATKwsh%2FO6jrWFmd6%2FnqYaueC0lSqh6OAuYjplewsk04yA4tfhM67o7bBwNPrTs31jKktIwfqMOmY27ZGze0Q%2BtXRlM4OxtarJoVrbEtunAYIkKGowOqGRCOLWfPMPBZ%2BKJwx8f3bSEhb%2B5%2BbgCLWD5ufmjwVaASs5FqE0IwSNBYNYxdhYVyRXQeZnja8cGDUPraR6zDoqAhfbmRc6T9Q91MqoVII6pP2uquXJ%2Fys3IJf2HwTNNpNbtJLt0o1xngaGggG1en8TlWYE%2FGdTKnDylTO3fLjzRNeU5TxYkf1P%2BUq%2BhtV0sznQE0qAebXegruz7CF3AHrngUP%2BBvIEaGfDyQk2XSP5Ksl5S3M2VIfF1shzwt91q9zzQIdpk%2B6fmrnUTlXZZMzB4PKl%2FSsNcu9p3sJSSoSm%2FCBdZ7LtCkhL9Et7v8kYmeEVtGh63oOzb5RtHkwQmFrAau4fTwOUqyF63FjwpQRls%3D&nvMid=31862331966&catId=50000817
의류,드레스,베스트,"[31.55223908390124, 30.96460292336883, 40.315277907080514]",https://adcr.naver.com/adcr?x=xIOqBQzprgph2ZMzenD2yf///w==k1C92usV3INNH1m8YYxRk/V4gDZblJu5qMhaqYt1TX4MCFgiRcKbRmzDxj6W29z6dgsOOOVlTtbagXKzB3zBOITwRL+Bh1CVANs3vTYmTN1jh5AVujEXxPKzu6XzKHvBZVJNHgPslL7xRoYDlvkQ0nq/WNJloa7bncWypHqKGdYOX/exKX5qigGO56w4o/ZxRqUNnYbVwf+D1haGRzP483j5FIUHTho5YT7ll/URs1Ko1wIOpGPkB64t3wOl0qYrNepnVqLOGaO+w8991FK4BA32Heh28F9Qtc4f9mqjMWmq2oy1sgZbyU+2deDMBzDtsbhgrFpo8XqTr4AEOHAJxKyIGeC2yVryezbjGZZ21GHX6m6UzHQGzw8xQGgCDyNoGxwnZ6dXGIE0/wEpBH2hCkQoFAX9s8lY16/gQSUDS0qMh0q2UKtQykK+ANZO7L6LCisb5SVbtSZjRqJcfnWokF9XrbYWb33P+2rwKGxTZN+RK21jzElLn1L5cO/7IEc0ZDmSCiwmfC3bOxg9GZGABr0aHtxWCUIXN4UExtAmjqU07DtTWxmbN4HI6gtdnjbnMLccSnv+lNa2BDeSYqHMe+S6FFOU8XdO4j3Oge9OddfyinkqpY3o4nE4BBXJh0fxSpcJz35z7mqQKwd2caPGyij/6q7j15MnIrJhzQGrMAH3TV6+2X2jtbv/7JUfVfl9TIp4vFvo+DjTabvPOWHmTgTTV7LuLDUq2HJ2Jrb1BAwA3Tqi90ozCEGihpw4qAVtC7KTc84WFhqYiCRCQ3eFsJHDgbZV/sepoZrr6KZgCLuQabT+pcUVmE1rQyXY05bCs1COPTBiKlCLNMbh7OdfwGifXuxM597G75lOV7tBeZPo=
의류,드레스,베스트,"[193.51480909950908, 47.43068345861292, 43.409577380669816]",https://adcr.naver.com/adcr?x=ALobpUlhl4lBWQSsJiGiz////w==kPTyEWtW9zKIu/U18sAjGLSr+W+40GKU9nXGPhNsgFlFW8eECjLV0ODs0Sw30aU9MtOmjG1m9fe+BznIwgwIxtwHxLnAKIWmJqgjNd+C1b0bYmnYR040qenx/sDox1R363rzxBSYxMhgnV3+zk52OXXBpyEG5puzPPexaWr0UDH636SESdedqteneDXy+yFR8pHY72XVTxnmJHi/B32lqPXKSWQLW7KwXf17C2wgtBFrXQW6LpX6UbisAVVaQctIyNUDhql3UtkaneVGbQcu+2dStmdYiLGUP1o4lnlfh39vqVrNLftPuh609xbiBR3/dtWewRQQ/mgf3FmsHsVx5OUfnJedUYbo6WaOp4BB8TnK20IAwzZYb+Z2FP7hmD9paEp0gBD7c9Idq3CsApNM9mmkX20WwKRge6G3GlVi0D3uF6XKbXa5cZTMMuHml6DYcnGQXDvBy5kVwd6oS91iW14Ze1XOt8ssjSAK90yxmokxxj9FehfBEPH1WwoQZQCBJh2OKy+9caJRf/HsnxYL422TcEi8TBkdrce54OaXuPiozvnxRFyoabmUuFvHsP96rasZgJxB8m2jraY/tM2YiKcVqfGyYqAqf5/ilZjLH4cHWBsDrm74lU4E5Yuwe/Zlo48NNWXxkbfcPrnyzn/t0RLi1CcTxThhJEoL4uvGRJ3lr3Qkjd3Ms6LLP0Seh9kXC8YkTaCuPn1MEqrRWyM+rmjgRJm1aeFNYkeVNVQ4SHoLpYoDhkmmd1B7Y2QHnbBeYBsGeB5AjKs5BUpK/LMHPTiB6ziwzEv0Zi+FgUjiMjhM=
의류,드레스,베스트,"[47.48843903209452, 46.56903368652392, 53.822141388600855]",https://adcr.naver.com/adcr?x=qd8eBIiGESF36icUX23YP////w==kcYK3b3ZV+AkXHf81sp7Eyz4+2CZSfYak8KRE06oM+cO6TAuLTDZ5jCTC5neBige9saoDqGTXPRbcrAnQXvtplQDM79ADxY97KXhLzHCgZeCVrfD3dO481ixXB2AGiLeUHr80ob0gk3A1cgmAlNm5Zx+oz9GyOC817sgqzw3fkTpqDcfnzC0NqbcYxzZQprfq5xijZHDio6MhrbzLDy0kS2KmqGz2UZrjN5Ewi9DrmvoMny6Yr5X1lEubEJMRG12AhMnpM0q58OPSiEJfKMSRag3Ae75wOunsfRsj2sH3VTnJviK95wc5qA5zCOS7TAnJyWZcgFIwDBL/LcK92XOlg1nPvV/mvVwQW+cESSEplYfxgIp8u3rCzp8E6tLcCI9roRwQnkWvUU6dLucb0lkA4di0e5+ViUiiKqFXelEiOcx8JYg/mI5UIPqngfk0JYR0rYbtjbk6wTXXNnEEdz7tEKARUhNB7f/Y+0o58/4Rj07Df1aX2LOgjtCCLL0FALL/mI9aZgMhXrWS/vsykfGAaw8p1i/KaQMenlRRdhKIJMQ2EryMWbSPEcyD1lDp4L2ExS8drmQ0Keu95ChJ8jFpnr+hvc1+b07kxXosW1SQm+XoPnzYgT5tk/ffbiSYbv1k2Sj2ux1Eli11mqpkSMu9N0MU3490/4bnlhE/m/e9Ic+TVrhWb6Ohz4PmUGfICKC75x0lNesMu13lSXblYxIm5IU0DcUNDD6g+xjAkxoefF6qbbQvU04HhXd8bcejIgYkH1ViM3ymlb+AdTGs/w2hT2nBY7DhJxMiOU+EzIoXwKiiO/8JDYMvUenUgfaeh1UJ8X7QKqefq/1ApEZxeaXaVlebYcixukUfixPyalx/0+867GAi/w2cWGsKYXYyvlsoKvQQfcWVAfGvhEUHnXmiTt/LFFwp2hJ1da8Q0l1wEmKC8RF3tYiNkTL5ZjaefZSFtPLCli0ZUsC5n+hP/jx+kjD80db+nuOviU9T4hnzh4RS9hRysOyR/lYctNVkPePe
의류,드레스,베스트,"[36.31101928376091, 35.69243954697487, 32.36853382307898]",https://cr.shopping.naver.com/adcr.nhn?x=DZ3IDTNfCiwo3feT1xq84P%2F%2F%2Fw%3D%3Ds1bVLKYdC0D%2FS6jrpo2YofXqv6YVuHCUhNffWCff%2BpKQvGxzS%2BFZMaRiAp4AZ2pgx95PGs1A08WaS4DrHabLe0fhNdBIktAcPdnbSd6aeqv0tL%2BYYSp%2BBACYE870p%2BtxP9ZZI9RHFm%2FZZP95GMFCahcv%2BjB2erv%2BZ%2Brrs5VHOiTQgGE7%2BZatKjf5hEf1XctkK1Awfv5%2BUvXOVN14GN5TpoDyTQpvj%2B9n20KCOa6yVum0jLZO4Wx3wF73m9BM2jIO9bkORMgMx07JHY7NFMatuwEPg%2F6PYJW9LpCSumzPJoigK7CtQzZWLlur1%2FFge4%2BEpwD8OVlX3eABjzi6w6aQ0unTU%2FviOnWHCNIyQi35ye9N4rZSSVWEufjxpmTdOLFCR3vvE3a9HTIxjy2UYXcBbmtwRQyT5iDRlXdtlKXilPLIQ2V%2FZZOw7bwic5FhlvjtQO5J5ijQf%2FZaSswPKKHNhtZv46cqzBynOPutgHjpEe0IOfL6LMznSi2dvzLdzWhr2o64ifB9DVeZ8ffla9GlFdmR2eaBIv7Fd5YxWJgvywSVMtV6Wo9ZpW6fbswKQ2wiX%2BgtF15PMkmjkNDmi88yMRarISrUnZYcJ3l1tSxUSdF%2BpC1P8I4knoXhTUdnWCc3Iy1Vhq%2FH77x9Zlr1IFzyuow%3D%3D&nvMid=21561882660&catId=50000817
의류,드레스,베스트,"[151.7072161982343, 151.82823542104921, 144.4195213177235]",https://cr.shopping.naver.com/adcr.nhn?x=7f%2FPmnXvGR7GzUnZYjRVVv%2F%2F%2Fw%3D%3DsHYGlEYjsNGVt0bglFOhV8YhuRz%2F%2FOerhU%2FXAXqhbUH4vGxzS%2BFZMaRiAp4AZ2pgxNnD5lfZoc3MorEg4KQtqEPhNdBIktAcPdnbSd6aeqv0tL%2BYYSp%2BBACYE870p%2BtxP9ZZI9RHFm%2FZZP95GMFCahcv%2BjB2erv%2BZ%2Brrs5VHOiTQgGE7%2BZatKjf5hEf1XctkKByutp3XICZtgaPb7kIwoEDyTQpvj%2B9n20KCOa6yVum0jLZO4Wx3wF73m9BM2jIO9bkORMgMx07JHY7NFMatuwEPg%2F6PYJW9LpCSumzPJoigK7CtQzZWLlur1%2FFge4%2BEp0qC8v%2Fa6vQNagDwo14TODMfa%2FHeLU5gCmplfNSDfduZ4rZSSVWEufjxpmTdOLFCR%2BgkIgG1uDi6OdGDJlI4hS9wRQyT5iDRlXdtlKXilPLI2NoPveqJlwIWyta9eXRii7fgVI%2B1XkQoxhIgJriWqWhKi%2FOJi3cqyF2GidxK4XX7Yn%2FpMzahf7ZLbtn3uFJfkLQUzLG8MI%2FznSyXYmn48kOHCfB7N01Mh8kTP%2FlgP37sAuAxrwpUSnCK6Boq6FZ%2FgS0amPmI8nzRDaIjszma7O5FCV0j3qE%2Bn%2BQwdX77IKg0nBSJL4f8q%2FKgiU7fKWKwOha01AhH2h0XQ5mrDECV2PXwZot6eLzV0QlsGsbB2RwMdHI8FZtQVGFZJxOyBDKc%2B&nvMid=31007291580&catId=50000817
의류,드레스,베스트,"[22.54673504045192, 19.116379740932643, 19.276813958918012]",https://cr.shopping.naver.com/adcr.nhn?x=OOoQTnjdW4Xh9j0d3%2F9mZP%2F%2F%2Fw%3D%3DseAp4Bl5PgiklZqc6jKgybBJYVo9NEj%2BhKbFKjf43kEIvGxzS%2BFZMaRiAp4AZ2pgx30n8lf2c0%2F68gzMI2qIhCvhNdBIktAcPdnbSd6aeqv0tL%2BYYSp%2BBACYE870p%2BtxP9ZZI9RHFm%2FZZP95GMFCahcv%2BjB2erv%2BZ%2Brrs5VHOiTQgGE7%2BZatKjf5hEf1XctkKNEbLof1%2BqS0dHaaFXvMgvzyTQpvj%2B9n20KCOa6yVum0jLZO4Wx3wF73m9BM2jIO9bkORMgMx07JHY7NFMatuwEPg%2F6PYJW9LpCSumzPJoigK7CtQzZWLlur1%2FFge4%2BEpLhvJsRsAKEj3QB063uUD%2FRrcij6lhZiSAmNZwYwE14p4rZSSVWEufjxpmTdOLFCRMVqxvNxeI25bRWxBFayRyt1woZLwre%2F0c6LfC8XQvOY6V6w8%2FAM17IpoSRZdJyAA4gV8Yc%2F6I8W5%2BwdoV9mlvcnmFvn4c%2F%2BbMGtrdMTvniHJ8C1PJDZK2i8S44wgD9vtpmNgWFbMIShYYep4ZQOM9j97PmAeXwa0vfjB2pWhKpk%2F74t9JXCtfWJu40euMNutW%2B05i%2BGqqV4KI5VEn3CclVxnymBMau7huBRiFGHDzbFl81kW7nHfylO%2F3SqvlI2tVaFsNM623ak8rEcanHUnEqAMcCxRX0OBNfbSj0GCpNYz5ab8s19bWzXqxFEG1O8jGmYIKINPS%2FvXqGJvWyr0YYKoDr6us%2BRKRCOTdsWr9TI%3D&nvMid=32275554638&catId=50000817
의류,드레스,베스트,"[146.28384971945243, 112.99020086200035, 83.70919736522457]",https://cr.shopping.naver.com/adcr.nhn?x=YZyYr1QXZYntBN1QmiqDDv%2F%2F%2Fw%3D%3Dsla1IKoivZTlBHM5wlLjtojD8jswQ7YpY3Pk9zd8g1KIvGxzS%2BFZMaRiAp4AZ2pgxr0ZcViz%2B3ixxBGqBhcyRDvhNdBIktAcPdnbSd6aeqv0tL%2BYYSp%2BBACYE870p%2BtxP9ZZI9RHFm%2FZZP95GMFCahcv%2BjB2erv%2BZ%2Brrs5VHOiTQgGE7%2BZatKjf5hEf1XctkKy7Qlzg2qhdQpUhSRlhKSUDyTQpvj%2B9n20KCOa6yVum0jLZO4Wx3wF73m9BM2jIO9bkORMgMx07JHY7NFMatuwEPg%2F6PYJW9LpCSumzPJoigK7CtQzZWLlur1%2FFge4%2BEpByq1ic%2F4KaOTTgFCYlB6UCqH05YCd%2BAfZjFut6SbbvF4rZSSVWEufjxpmTdOLFCR4EzaB9x1tRn%2F7r3OMiSdqkojX3g7fJUZGRMAq7k1lOcCz6stpU%2BbeFFNTEJPKJH7H%2BDy6wCXD0aUgeyF7ynR9bUTlWi1Fh2URXUCgHp9lTuHSjHWmyy8gcZwoCrHuwo1x1dQ6ro0ehwSCdF9J5D%2BvYhM6U%2BKHK2LvwTzeKQLLczdlzc3Xwq5B3nDIt33jRJg1ESNQ3kKnipLhgHnsqNjmftlLXYHacG%2BSG2%2FWo6S3ss7k%2B6clIYYhUGQa68jwBtWQdAiJdwXirBRdnaxfvrBbw%3D%3D&nvMid=32850169809&catId=50000817
의류,드레스,베스트,"[37.376922650827524, 36.29589896041297, 42.83104677143889]",https://cr.shopping.naver.com/adcr.nhn?x=SI3DHHayzIpu6j3b2W2R7P%2F%2F%2Fw%3D%3Dsceaw%2BYddoio0oojjc%2B4httMSZw1e5oyrsgfVGLBp%2Bv5AVSeJMwVEQZ9NYLvG80R%2BqVZdGbJU7bh9vEh8x%2Bgufy00rbIa894zSkvdqPxzRzzbDDWfpEkMbpZMfqpAgpMUAWoa3Njp50x0Yc3bccFxi99%2BKy%2Fm0d%2BgYWHtEf61Jo5CNclKwvLyA%2Fys%2F%2FHPPajLsQznw%2BDeRc%2BoADtBMr856S19I%2B2XRm0iIPogjjaGx4dUQedMu%2FUrZqrwqVgEvM1NzNaXEJNDqzR62lnx3aw6AKsJF1TG8DXvuOXRWh2aiSE1QmeK3ZPITzKHcbEnR%2BI8fyeHYCDpE7AQh9c8qUq28ciCurn8jBmS0vNtBXp7bLBXfqiCwBtPYYwEdSt6i2JAxzeu23caU3Id1dcyev3cd3NuuJTHuqT6MwGgZMWMgy0zhpT%2B2ydmDg1TnsXUirPeaMKemCPA%2B4KXq5BFNMVPmpn2KQxC9kRfsj8J37bBar8sKbAefozE%2BYZeUc5rsJwvuwP9L0j7YvHB2OKNn2rLcNMYyW2f3e1HVs38eT15ZLJicty6YmYnc%2BklYB8d%2B9oLj%2FaM5nVf1rOXk0fVU4woW64mAstRbAe6SLmXbSCa%2Bv1QvS0ghAsYQthPZgXuuM5PDhLBwu%2FFQS5xWYf5w6G3jQ%3D%3D&nvMid=31205951669&catId=50000817
의류,드레스,베스트,"[219.88293647727696, 215.5800948746008, 212.204243089131]",https://cr.shopping.naver.com/adcr.nhn?x=Ry%2B6gALyUSNEor1%2B%2BQjQNf%2F%2F%2Fw%3D%3DsBsZd%2BooG5tm3nFNtJ8DFVFM9XM5tmo1pexZJyJfmQqVAVSeJMwVEQZ9NYLvG80R%2BD5%2BlTsT4SINeozwTAjLL0C00rbIa894zSkvdqPxzRzzbDDWfpEkMbpZMfqpAgpMUAWoa3Njp50x0Yc3bccFxi99%2BKy%2Fm0d%2BgYWHtEf61Jo5CNclKwvLyA%2Fys%2F%2FHPPajLhwO7BBPrkvAczwq1on1sAy19I%2B2XRm0iIPogjjaGx4dUQedMu%2FUrZqrwqVgEvM1NzNaXEJNDqzR62lnx3aw6AKsJF1TG8DXvuOXRWh2aiSE1QmeK3ZPITzKHcbEnR%2BI8tsiTceV%2FZ2tqpQgg6iDv9BDY1OVjeH8OFyqgLk30DvNXfqiCwBtPYYwEdSt6i2JA71yNX5yoxg2H6%2BJaef7ooIOvSmi2IxgQfK5H0SXI9GMEc05LTibBt%2FawtKKLwCqnR2lqhWb9MRgOOlsYLO7U5%2F1B06fkX%2FWq4UmZjxxXSTeQwjnKaHfxpE9LlO4aOvIN8jR8gVF8FlQ9pItE8Zzc8qqBFPgmqFGS8IbCVgHOd3FM0hAAjXiNaJAeiZsJwPuuv4YGjJCSIW1IvBxXT1wG97KPfUYx06FhxO8QnXSwqaUXN4ZG8cfc9WOxWzIRB3%2FYhWw3%2BIByOa0jCVNQVnCDoA%3D%3D&nvMid=31689719232&catId=50000817
의류,드레스,베스트,"[30.42503561254344, 30.813853276360902, 43.75256410255656]",https://cr.shopping.naver.com/adcr.nhn?x=RUkgRoimG6VWi95UFs2Ahv%2F%2F%2Fw%3D%3DsAsP0vyZmY8Xl4fhJ3c5tdrH8PAwc%2B9mkc1nHkpjcQ5xAVSeJMwVEQZ9NYLvG80R%2BYyybjOWfAivKArfHIGWV%2FS00rbIa894zSkvdqPxzRzzbDDWfpEkMbpZMfqpAgpMUAWoa3Njp50x0Yc3bccFxi99%2BKy%2Fm0d%2BgYWHtEf61Jo5CNclKwvLyA%2Fys%2F%2FHPPajLlq7WfcSrWQX59eARZW9cPy19I%2B2XRm0iIPogjjaGx4dUQedMu%2FUrZqrwqVgEvM1NzNaXEJNDqzR62lnx3aw6AKsJF1TG8DXvuOXRWh2aiSE1QmeK3ZPITzKHcbEnR%2BI8hWqlnvUZ%2FpiECOxskvaUnzPPA%2FK%2ByFK2aOezrt8%2BH8RXfqiCwBtPYYwEdSt6i2JAOxcD3YUKc5B7LFrYevdQfMwCjme4smF65nabJQMH3ioEc05LTibBt%2FawtKKLwCqnNgCU%2FcGV677a7%2FiB1G2l3vbVEu2MeWz9w6TRNCRwbmPmLa1h5g7mVP%2FFlIWujbmWGUp9cGVKuGp5ONPdmSs62QC4DGvClRKcIroGiroVn%2BCCcF5G5OIG8VEAQo0rnrlii%2FUIfzXkfpvB%2FxLfYNM%2BsBDYSIETzGDRXE0qjx4BPUzLmNCaPiiEM3kwp0lVjmJOZ0gtSPWKyQDDYdT2PlIAsB0cjwVm1BUYVknE7IEMpz4%3D&nvMid=26856674935&catId=50000817
의류,드레스,베스트,"[37.366398338111, 44.191205747409626, 54.85793733228341]",https://cr.shopping.naver.com/adcr.nhn?x=UKebu%2Fs9fJVs2b4MsHeGKf%2F%2F%2Fw%3D%3Ds9NfSZJbPWmWaDYl8UziHCgULyNyt%2F958%2B0r%2BU%2FPiQeEvGxzS%2BFZMaRiAp4AZ2pgxaB05ho641lGFN297Cj9D7fhNdBIktAcPdnbSd6aeqv0tL%2BYYSp%2BBACYE870p%2BtxP9ZZI9RHFm%2FZZP95GMFCahcv%2BjB2erv%2BZ%2Brrs5VHOiTQgGE7%2BZatKjf5hEf1XctkKL8yQV5BtpEqK%2F0c0cFogEzyTQpvj%2B9n20KCOa6yVum0jLZO4Wx3wF73m9BM2jIO9bkORMgMx07JHY7NFMatuwEPg%2F6PYJW9LpCSumzPJoigK7CtQzZWLlur1%2FFge4%2BEpkPXnJV94uyRi5BziIACxvOzJ5f7eZ4IZp6QsZ%2F2kPAx4rZSSVWEufjxpmTdOLFCRcoocyzYenx4B3xNE4GynbHornTeMFMWI76yU7BvGjg4Q2V%2FZZOw7bwic5FhlvjtQHca7ZdO1T2bgHCJNMqQaOEiSsfI33rBi2lHW5j2NHpj5ySIn%2Fg8igNd1gxkMSBu4673LBuqV0yGsUQ4Cypq4LoLGIGMkM2jcgiMGmHbeg2Xj%2FH7wRcBGJBBopQTy6YMiQ0gDdSSp0Om15IfO6mnMkmJxyHBE3CYnzhPLG%2BOCDMWBpRFpY9u6QnOObFjOmsFwQsdZ%2Fdow5gKfYRNli7SRjuR79U%2F6Az3gE9mQ%2Flgn57E%3D&nvMid=31250607757&catId=50000817
의류,드레스,베스트,"[64.22485164102673, 64.73215453554056, 73.00649146178478]",https://cr.shopping.naver.com/adcr.nhn?x=kOTxf5Qfi8rhuE3t5Rvxmv%2F%2F%2Fw%3D%3DsfmQ66Exkkf6A3B2FNgGvroZhkE73g7M0RxS2i3fahTgvGxzS%2BFZMaRiAp4AZ2pgxRTkwsbI4%2Fv8kCU0TEMEm0vhNdBIktAcPdnbSd6aeqv0tL%2BYYSp%2BBACYE870p%2BtxP9ZZI9RHFm%2FZZP95GMFCahcv%2BjB2erv%2BZ%2Brrs5VHOiTQgGE7%2BZatKjf5hEf1XctkKKytVUXjDB52IvBEnNl%2BS0TyTQpvj%2B9n20KCOa6yVum0jLZO4Wx3wF73m9BM2jIO9bkORMgMx07JHY7NFMatuwEPg%2F6PYJW9LpCSumzPJoigK7CtQzZWLlur1%2FFge4%2BEpckATmbiEytro40P1wGMhuMKgkyftb0Ci2htacG%2BACoF4rZSSVWEufjxpmTdOLFCRtyK3591buu99vv1W5YFO2QZUmNA4gxLTebXdgCfMUND4DtnT7y7TqdFNI5GWEb6Mz5yDL5WYJ9pRsNbb4PV1hTMB8nq9a9CI63uXsHk%2FN%2BUOgaYZPPWgoB1fPDUDszsqH0zgzUu2z1lfyluA1lVaygC4DGvClRKcIroGiroVn%2BDDuxvCCxlwLOMlSQK5yF8e8CgakV5QSvblcVSqrufaXjFJNy8V1h2xUOZLFHYnbyvmOQCXC1JGcQjN%2B2WUqhBsZ0gtSPWKyQDDYdT2PlIAsB0cjwVm1BUYVknE7IEMpz4%3D&nvMid=28098861616&catId=50000817
의류,드레스,베스트,"[224.18724364232307, 222.05171588733407, 218.08661471150648]",https://smartstore.naver.com/inflow/outlink/url?url=https%3A%2F%2Fsmartstore.naver.com%2Fwithmint&channelNo=100061462&tr=slsl
의류,드레스,베스트,"[171.9678667127679, 145.9370516034189, 128.26162589679694]",https://smartstore.naver.com/inflow/outlink/url?url=https%3A%2F%2Fsmartstore.naver.com%2Ftodayofyours&channelNo=101263947&tr=slsl
의류,드레스,베스트,"[88.41976825028982, 69.7047045191239, 56.50220162226107]",https://smartstore.naver.com/inflow/outlink/url?url=https%3A%2F%2Fsmartstore.naver.com%2Fsaeromsaerom&channelNo=100537859&tr=slsl
의류,드레스,베스트,"[28.054631314458348, 29.51039771249245, 35.05181526731431]",https://cr.shopping.naver.com/adcr.nhn?x=75f71Jw8mo32E1D2GgNY3v%2F%2F%2Fw%3D%3DsaYDxT%2F5gWBCO3SCkD%2BOMc9CEzHnjYQZcynjHVqaMWcovGxzS%2BFZMaRiAp4AZ2pgx9QRFAJ019vZVh2W%2BEclqlvhNdBIktAcPdnbSd6aeqv0tL%2BYYSp%2BBACYE870p%2BtxP9ZZI9RHFm%2FZZP95GMFCahcv%2BjB2erv%2BZ%2Brrs5VHOiTQgGE7%2BZatKjf5hEf1XctkKVTutD8VUcTmXCiTaApFfQzyTQpvj%2B9n20KCOa6yVum0jLZO4Wx3wF73m9BM2jIO9bkORMgMx07JHY7NFMatuwEPg%2F6PYJW9LpCSumzPJoigK7CtQzZWLlur1%2FFge4%2BEpNEayPNUUIdXVywoXyuKARYRQPUXhUiTNC9Gsou6VEWJ4rZSSVWEufjxpmTdOLFCRCtZBIvHwXf%2BajRjHUQGPWT6FURihOvVNK6%2BarovFEXadB2hEw%2B%2FPGS04vkYS8onnzoYQbrqmC6OlCWbULV4JQDDo4I3bUREK%2Br9Pu54g%2BOYegRHZcoAnLs40vRzX1oGm0vr7pn1lgPU1HB9is8zElfMFUQfb%2FKe83Bso1x3yh0doYbXzsQmMBtWeWaWiMh5Ft4nsXtAXzvws7KQKIy64j2JxyHBE3CYnzhPLG%2BOCDMV2uix%2FzFN8WPaji04xwATSn0Bf6nkyA%2FpZDwS6d7lrXMcgIRCk8vtGb7Z%2FKGMSEdE%3D&nvMid=21952475393&catId=50000817
의류,드레스,베스트,"[137.91473072861746, 128.28058240597704, 122.08949313621983]",https://cr.shopping.naver.com/adcr.nhn?x=Rxlz6XK0U3xLSdrYHp39vP%2F%2F%2Fw%3D%3Ds5cayTEL3mDJDfe734SU7Fio4q0gs951of94weVEufBhT%2B6Z%2Bzy0Mof3AKRS2vlwDNaLqIYqAphGBqEU1rQrzOaqly62%2B7GKy3MVmxquF6KmULbnLAPlz2yyeevgWPxu5es4wSU6q%2BwkmiwQ19Xt3aFVd6Z%2BmZ5fvTALbBBPmfKL392rcVj5mouEkJq8zyckjFe2FxWOUmULfSuI9NUX%2FAKjrWFmd6%2FnqYaueC0lSqh6OAuYjplewsk04yA4tfhM67o7bBwNPrTs31jKktIwfqMOmY27ZGze0Q%2BtXRlM4OxtarJoVrbEtunAYIkKGowOq3%2FdH7hz80PJLPcawBVVMPiEhb%2B5%2BbgCLWD5ufmjwVaASs5FqE0IwSNBYNYxdhYVyG6fhL6neq66iRSbNmo%2Bne6AhfbmRc6T9Q91MqoVII6qqmX5FHnaZXjzP6Bo%2BQJE7DsblrPfeDSGJ7rVoCwlAGfJJ0vJBegA5AKH4hrpceBDK%2BcXu6O6v0qjV5FqN55l1ALgMa8KVEpwiugaKuhWf4EpzNPW0hfwyLBOViQzR%2FpZsEtM%2BqO6qW3ikUb8Nyf6UDsWNexW8YalJkdNsIbmdTEuI8YNwY8jjuSN4t8KVApRnSC1I9YrJAMNh1PY%2BUgCwHRyPBWbUFRhWScTsgQynPg%3D%3D&nvMid=29581809633&catId=50000817
의류,드레스,베스트,"[230.13723991156778, 224.81255036468795, 220.47327313676752]",https://cr.shopping.naver.com/adcr.nhn?x=3r0eKYwzCxm%2ButauD6x8Qf%2F%2F%2Fw%3D%3Dsmt8TigK5ldRE2FrEEi3lIg6%2FPIH0myCzUyeFiMqx7csvGxzS%2BFZMaRiAp4AZ2pgxZ2gO566ppc3UijXLjSTkoPhNdBIktAcPdnbSd6aeqv0tL%2BYYSp%2BBACYE870p%2BtxP9ZZI9RHFm%2FZZP95GMFCahcv%2BjB2erv%2BZ%2Brrs5VHOiTQgGE7%2BZatKjf5hEf1XctkKog1mMA5Ltogt8dlRrOqhAzyTQpvj%2B9n20KCOa6yVum0jLZO4Wx3wF73m9BM2jIO9bkORMgMx07JHY7NFMatuwEPg%2F6PYJW9LpCSumzPJoigK7CtQzZWLlur1%2FFge4%2BEpSxfS%2FHfRsfC6MOphVwuPvIBT79d1OYNkUamrXzS%2BRtx4rZSSVWEufjxpmTdOLFCRpIl29vtQbsSXUX5xlwS8eXzEWKIeSL8gCGko0muIXAT4DtnT7y7TqdFNI5GWEb6M3YM2VZdg3AuPwo0SZteJG7ky%2FMF3vuguAS5EDd8G3YcAYt0hVgiVC2YL%2BMpEp9F8x1dQ6ro0ehwSCdF9J5D%2Bvd%2Bg0v8qMHaLuyoxTEeFMQUj3M7o1qTWkOUgj1HvTC3g4GU6G%2BIAZJ7af6YTFg2%2Fk18FPVRf8mfPApkYGh3Xi4sRW0aHreg7NvlG0eTBCYWsBq7h9PA5SrIXrcWPClBGWw%3D%3D&nvMid=31877966431&catId=50000817
의류,드레스,베스트,"[125.85389497694237, 123.50572717806364, 127.82282937472063]",https://cr.shopping.naver.com/adcr.nhn?x=gWoODAN2GDebTKY6spjSev%2F%2F%2Fw%3D%3DsGJOQAJopXaCy2WW6gqgad6CRjrvtRZWN9CK3xd%2FPeI9AVSeJMwVEQZ9NYLvG80R%2BFzRfGYAPjPCjS%2FyaL%2FaLTS00rbIa894zSkvdqPxzRzzbDDWfpEkMbpZMfqpAgpMUAWoa3Njp50x0Yc3bccFxi99%2BKy%2Fm0d%2BgYWHtEf61Jo5CNclKwvLyA%2Fys%2F%2FHPPajLurw1DJRzjcwUoBPbCVAhSC19I%2B2XRm0iIPogjjaGx4dUQedMu%2FUrZqrwqVgEvM1NzNaXEJNDqzR62lnx3aw6AKsJF1TG8DXvuOXRWh2aiSE1QmeK3ZPITzKHcbEnR%2BI8xZMyKpHNdsXKyF3mBicaR%2FLkcGVveLk1%2B2TB11nTzDlXfqiCwBtPYYwEdSt6i2JAykAPOFRMkBmGrbuZGu7ZphewxL8B9jtL%2BpD0O%2FLnQo0Ec05LTibBt%2FawtKKLwCqnnl8rdOfj80Am9gxf5V70dww8iJJ31gYkzL3BMhRe6zFfOZq27yESCHyTZ7TG5mMFCHA9PNl1UEUKcxhzMAwdUKI7ECMAQ8SM9YGlzDNh%2FalPwCXFJiRdosf3os3K%2FWn1ot7P95sQ2YT2wYKYe3EmYX66L4NgUFf50dZiPr8JxggDfkLIyuldBS3f8m8e6nLmzUhNzs2VE%2B%2Bisqs3JAEppg%3D%3D&nvMid=26924781128&catId=50000817
의류,드레스,베스트,"[154.61361754064902, 119.48844862909097, 88.25186347587253]",https://cr.shopping.naver.com/adcr.nhn?x=ALtIfiOl0MOWuPSuCYRyL%2F%2F%2F%2Fw%3D%3DstJFCvypETSUKkn9SsiZvA3qPd8HlBPlpbqY%2Bu6yWseBT%2B6Z%2Bzy0Mof3AKRS2vlwDTIeNjvCGAthHaGG7gusZyqqly62%2B7GKy3MVmxquF6KmULbnLAPlz2yyeevgWPxu5es4wSU6q%2BwkmiwQ19Xt3aFVd6Z%2BmZ5fvTALbBBPmfKLEU00i1JulGcGSrV3w%2FPWPYBOGLBatxzQccrxQ0exTUajrWFmd6%2FnqYaueC0lSqh6OAuYjplewsk04yA4tfhM67o7bBwNPrTs31jKktIwfqMOmY27ZGze0Q%2BtXRlM4OxtarJoVrbEtunAYIkKGowOqqcz1M03Np3yXIc%2FPTSVaLiEhb%2B5%2BbgCLWD5ufmjwVaASs5FqE0IwSNBYNYxdhYVy4ElyVu3uB6FdZBusQ8Ka7qAhfbmRc6T9Q91MqoVII6or3ghh0kvWZhee3FdDtJqTHMJbmdQcNPqNZ%2FyKHwwKLYz%2FfBmlT9R9Adm7AQN1IiQtqZOAGhnMUrmVPezKs0bE7u%2BX2Jp3AoymbMP91sewTL8q%2BGjb81mYw5KS5M9MSKKn73KcQiZiLP%2BBx5I26X9I3D1FQ0jNGBsWfRv7VUHvamJxyHBE3CYnzhPLG%2BOCDMVXB3Mqp%2FsJAxShPPX1PC1ES2zrCk%2BhFHhv%2FJYVKKoD5uR79U%2F6Az3gE9mQ%2Flgn57E%3D&nvMid=32844314195&catId=50000817
의류,드레스,베스트,"[170.05649145417104, 162.6307956672492, 159.15437724385723]",https://cr.shopping.naver.com/adcr.nhn?x=BXx8XvTmsquU%2BgROg2k8Gv%2F%2F%2Fw%3D%3Ds%2B5yp5LyCOUdbv46k%2FN%2FwtUgql%2FH8NkPc59ueZTUSfexT%2B6Z%2Bzy0Mof3AKRS2vlwDdy5bjWNCw8FYHYcJ1T0%2Fsaqly62%2B7GKy3MVmxquF6KmULbnLAPlz2yyeevgWPxu5es4wSU6q%2BwkmiwQ19Xt3aFVd6Z%2BmZ5fvTALbBBPmfKL392rcVj5mouEkJq8zyckjogbaSgMAYX9HAjHuLg3S56jrWFmd6%2FnqYaueC0lSqh6OAuYjplewsk04yA4tfhM67o7bBwNPrTs31jKktIwfqMOmY27ZGze0Q%2BtXRlM4OxtarJoVrbEtunAYIkKGowOqTxFrEYJiO0ENzlS%2BvbTDICEhb%2B5%2BbgCLWD5ufmjwVaASs5FqE0IwSNBYNYxdhYVyXudUO7OlDwU%2FDSTv4jJP36AhfbmRc6T9Q91MqoVII6qpxPAXhiUPhyBuOiJYIEK78FfEcLIRe2uoKAJBjoRJhQB6rOXOmoCOJZYW%2FVf8cQ0HYl1%2BNsa4%2Ff5CH70UK9pOuwP9L0j7YvHB2OKNn2rLcBvYCpmDzX9SzWtmG%2FgCmObLsyhI%2F8xYVygQC5AZzIqd%2Fqy4FAfVXrxVJ0%2FiEW4NWBmm4qWeH6iVkhVaXiufwkYhU1LZ1dJOIBYFuvlglfcyDhLBwu%2FFQS5xWYf5w6G3jQ%3D%3D&nvMid=29899408524&catId=50000817
의류,드레스,베스트,"[100.79056501267212, 88.94766388988818, 69.05450923578708]",https://cr.shopping.naver.com/adcr.nhn?x=DWe0vABWjQt6Cauystx0af%2F%2F%2Fw%3D%3DsSz8aX31HPnSPqXj0OH%2B0pe1aztUl6pgP7%2BSPJ21Ea9svGxzS%2BFZMaRiAp4AZ2pgxXP%2FNw25PY%2FH4vXwJWTRisfhNdBIktAcPdnbSd6aeqv0tL%2BYYSp%2BBACYE870p%2BtxP9ZZI9RHFm%2FZZP95GMFCahcv%2BjB2erv%2BZ%2Brrs5VHOiTQgGE7%2BZatKjf5hEf1XctkK0B44JtCEoIXimTKOQUl8BTyTQpvj%2B9n20KCOa6yVum0jLZO4Wx3wF73m9BM2jIO9bkORMgMx07JHY7NFMatuwEPg%2F6PYJW9LpCSumzPJoigK7CtQzZWLlur1%2FFge4%2BEprXzIOb9oIi3Ohs1fyo7MY76tiOPWuWMQDG9OLlu9axt4rZSSVWEufjxpmTdOLFCRCBCJ0BcBggPwvn%2FyEofAjz6FURihOvVNK6%2BarovFEXbqTE62sNXS6d0fScKezXh6ZSrO0yCRUQdSj6QSSIQQi%2BA%2FB22Qwbn3KMXiaiBPDc%2FUzU9Y%2BLZnuzJB3yZw4tFsXGfKYExq7uG4FGIUYcPNsVjdnyx6M4Z1DVki9vnfkKIgL6J8lnwzAXizrJMDZvArMg2KlqPJTZfh%2B86OFdIbDCvQ1uNBEUIpxG7jNL435BK1dHOrF4AqU1zxBxSZd9sIHRyPBWbUFRhWScTsgQynPg%3D%3D&nvMid=32728454033&catId=50000817
의류,드레스,베스트,"[123.91882336303317, 112.70173949936033, 104.64253995191265]",https://cr.shopping.naver.com/adcr.nhn?x=96Ev6zI%2FD%2FRC2z33udqdNf%2F%2F%2Fw%3D%3DsIdhfK95%2FmzSVbLREFK6%2FsWRvVFvNea8zbPFPF15zcfUvGxzS%2BFZMaRiAp4AZ2pgx5vrcU2QxVLbSDxmG7idt1vhNdBIktAcPdnbSd6aeqv0tL%2BYYSp%2BBACYE870p%2BtxP9ZZI9RHFm%2FZZP95GMFCahcv%2BjB2erv%2BZ%2Brrs5VHOiTQgGE7%2BZatKjf5hEf1XctkKP8dfOmcvIaB6kkV5hVfm3jyTQpvj%2B9n20KCOa6yVum0jLZO4Wx3wF73m9BM2jIO9bkORMgMx07JHY7NFMatuwEPg%2F6PYJW9LpCSumzPJoigK7CtQzZWLlur1%2FFge4%2BEpD1qdAH2VTFFmqB2mv7HdR8u6YJW9UPu0orOXR0dxMAJ4rZSSVWEufjxpmTdOLFCRhML15JtmpfUENm%2FX03kMQtwRQyT5iDRlXdtlKXilPLI%2BFPMOZno%2FH%2BzRt%2BQx5Wgop%2FKAJ7uayBnPwScnjA1a3KpEVxAGXtCEe0fcsnKOL0WUKl8h7zDScnn%2FfSd%2Fdd7t3ZAa5%2B04e6UZ01WVmRjcNb%2BM9f9TQtAOI6w2917B0btcZ8pgTGru4bgUYhRhw82xjT4t2iL9iwtbcU%2Bgfp8O8XnzQ9XW3dL2JSpKuzchekRy5145Q6vm%2BuG0en3aO5MAm2ifvurD89pX%2FBbfNYingWY8trRJ1brqDLYE%2FNUAaGuCqA6%2BrrPkSkQjk3bFq%2FUy&nvMid=32330335510&catId=50000817
의류,드레스,베스트,"[17.940798670913523, 132.01513463134967, 190.650424458536]",https://adcr.naver.com/adcr?x=c+pVTA4PJanI2ubkZS8d1P///w==kOf3OBQk2biEsae4qUd0+yQBvkx/x9AERqMn5MadUZKsLPQx5UtALyUCHC4qjpBmdhsjnEBcVyVSqN7Kfus2EchF+gEUbSvYGaWsxRNheLjA3SbPXBPL5384RiZ7DW9w8FBKDcMcJfAnOhvR6HJPKxuTCtJxNxo8qx/jm+CMQzaSHnd4GchuM0Qyi5P0ceU1hwc0AmDvhka3nHxypxfM6ssliK8u6nwgkCDU76PMtcMYLxl4g4LMnsxcCPn+28x30GKF2yRVPy2TO6/hPbPuOXzPdnguthTQkttCx3XNAz4r4vxGj9epcwVSCL1e7Taa9+M/q5jEAwbnwhMtLF+HzlB1LOrOZrNYlmB9AMFSY+KaOI08ouh8ShyCob3jLV3CtIqZ5gM9ekjdznZLijV3w5keGmW9BSY5qDhGPP0iCJM5K/ckCELCace8b4wj9uahXbafq9AjzA8oiqwYrnevsz1zf4JQIyTmpZrkjNigRV27Gi8kPWbKgao+crKWT8LFBRDfJsnf9oG1U+LzDX3cn90YVJXZepAbfeBpCM7oTn2oZwlZTuopk0RfbNhSsGMPq3OTbW5UaR548WC2qBUa6tn3yO7OvyDwCAbYPOjcQWrKB1Czbjiq94MhiW879pHPN+CmISsDy4OXkIl0Q2uXofp3rGihlgn70sQStO57x08Rctw+d7HG1sh/mW9iUOpAoPsAnR9QtIEVUi3Tx5L0gUQSWv6XXRIIq5utor3acLsJmClLTCpabhgde5tUh3zwcKF9+mCeQxu/hd1tJYgb51CYIm6Xca3HK57ctbE51bhk+1SMuQAAJtXyhTcLCoMBprr87GFjYrB0syn6IU0hLE3pqqZb9dTV0+pBzhPQmruy4cvshG1xLt0ZYfubqjP0Ua9d7M7QSUY8jk3MthJHz5zmUelOouTzBAFkOClC8jl828PwsgcmA0muR9zNEh15hoebLDgEMsvMM03SHM+DADw==
의류,드레스,베스트,"[46.66727812037075, 43.13589883693081, 49.70587776130938]",https://adcr.naver.com/adcr?x=HTSYi/UL4uH2qZ+M2Ujudf///w==kS7/odj5tLF14ZC4j4B+BFl54HleuETwvPNsM4d107vLkFvFqyAOKcud0S5Lbyh/XYACQFMUT4m1xWkVTfufuLCubinMmIo1TH3LsRLdLHPMHH/t3cz1VTPg+TsVNzO25ayMDnLiNgZF94muCFd/MjeW2muOY6fD5cR5qpWo09fFHp2JpHfZuus7zHX3tyq5xRSuUM+VwA/2YXXGRq9OnEAFkcr7lxOqJUiFkEiTyj5wDF3V/Kd4fZluV0JfcdijCK0YRxHV0gZnxA8r5fGKkU9IZOlsWo4pKqTxQFKxgIhheAQmyDrT1DEhi10948CYajIA81KJsQdyEIAOPJTiyMc69fwF5ceNWIR74IDY7zk6EasnvKpO1jJy06MvO5CW9qWCoqO6/DxDXbV/DurE2t29jeWC8uT1rkYtbO0V4NUhWBr54HyRhKq/pTg4i2FR3APWqnwTmFcgjwOTMI6uyoFTFa57tW5cFFgJCI9PGSCAMI6rvhg43x4vrUmBjqUKty/ctPGGOoNtXDLxXQKoAUuAMVmlpjVS0MSNKmizfules3IVhCJD6HbTX3hd92Uwa7afvjJC03P9HBhbmgYh/u+oiBdEtlLGzOa+RFz5WSZlxzZR5Ykd4AqwCBEbToZnrwPfTSjSpXpl8z7Fm9wUaTkv6wRHZWFVFBAljJU3OmuxhzoCLq093/CYONVCHEkxbeVdjrrptOWUYlL+kyBxLaIkQUT+9D5xixm4iPYXpvSCyX70c12Bt+hRXfJsbz5ldi3OH56S8O4LXjywXQ/h69ZgrnYeQ0045WouLnjb6JO5lkHwpqUsTuQ3glYHSPe41+EEuNZqkCJTXF0FMtS+NyIkmEXAlfZaZwBrDIwkk7Uvd8zwU5kcF6+saordiNzRe7i3POYVyPVivWwUuA5vjeBvMgU+DqPH/l8OxxPrihozAcYf50k3D8raNGpNMV0kmZb7dG7PNrXVyysz/nMJmJILVjqkr5HC2A6iKrpIjN9wsFFpFdIrW2RxP0f5xB6oK
의류,드레스,베스트,"[251.60108979867505, 251.7685274918152, 250.91702170454]",https://adcr.naver.com/adcr?x=nx6n4sTyXrt4IZXyBwmwEf///w==kW/+DSLcjJ9+7yNhcKf3ZFqFZuAFzWRq3zY9+2udDwNC/w3mOS+R52kzietTS1Uf0lPLkxaxV44v0qUGCDc1HWJwRjcMMRawWE4zqXKASoiJYHROZxQ4sX85O++bgFRHMOq1ofx54twvRTo4v821qkVvoiNPZiSZwKsvG2JthtqVida1HQggKGgnsy5USH2wWKh3G82qPZyoSFVJboPso0kCk7+e9IEyUX1k5o5bISQilO1g83HwaH+/8jYtN0DK2ashd8OOS0qOETevURqB4bdR4UAMGt5o/WZrPPJ+ShKkx8ObDa57NaxGk9JJaCOUzG85z7BVml9iE6NwtuiGvVFPN/1MSiPK3eq3XVmknDXsrRxWlk2Ha/oLjIxUagcByhMSqzCpXZCBc4qbMvRP/qU1sscAhfLoQpmxgEhUH4SbRseIzfw2BRXyaaoPg0MmPVVYm1Z9+PEkS3Kqrzb5pVDEbsdGSPPeuiFgZ9pBfqDvxcjUUkSa2PbLPY+NHlipQX6woZU8m3Vpwj/YSlXrGQI1ZJTShRhjR/04PbBVKFj72IkVTdPc2TAYJLYXnLTpBN+ZI593mZBsMqKxJ5xnmGFaxxZIihlRLj8yuO9uY4bTlhobRzT0ilE24T6kf79StTZZ1xIgCgzYF2pK5OdckLyZflrVa6NJbAoY0Z74zau25TSDUBChQcARto/Y8L7kJgxXpB5jxithBkAvHbvjKpdsie918aFkoSaMe0DIAlj4MtPQeTJx1LeiKiJG6fydicOAEQr1m02fAMin1f0X9FafX7OArghnU5yUN6g9Dk+ybJ/QljrZpgwl7xiJS6TcolaeVhBlNStR7Ii0YHwMdak36zL5UL0EjvA1b/kVP1cQfWeB06mFiSLxwGZO6K+FFEvELQVhHZq5nMkHbDvWlogONEb3EOcZaj7VkON6oZihM1MfN4LO6rOwbNARyT3QY
의류,드레스,베스트,"[167.08641723686247, 153.45351579560537, 137.87980783229088]",https://smartstore.naver.com/inflow/outlink/url?url=https%3A%2F%2Fsmartstore.naver.com%2Flonerblack&channelNo=500194667&tr=slsl
의류,드레스,베스트,"[211.3012708286135, 210.3933389631507, 206.98856872154937]",https://smartstore.naver.com/inflow/outlink/url?url=https%3A%2F%2Fsmartstore.naver.com%2Fgbab&channelNo=101036294&tr=slsl
의류,드레스,베스트,"[159.30407363218396, 152.4575876370608, 145.3571766755724]",https://smartstore.naver.com/inflow/outlink/url?url=https%3A%2F%2Fsmartstore.naver.com%2Fdana&channelNo=100083812&tr=slsl
의류,드레스,베스트,"[231.34881811704585, 231.3028594442242, 231.263034790417]",https://smartstore.naver.com/inflow/outlink/url?url=https%3A%2F%2Fsmartstore.naver.com%2Fbadambadam&channelNo=100087178&tr=slsl
의류,드레스,베스트,"[193.45695140318747, 165.17124150862224, 119.48224879354288]",https://cr.shopping.naver.com/adcr.nhn?x=%2FQkIz2qCg44Sp%2BogdWsU%2Bf%2F%2F%2Fw%3D%3DsU69eL6WGuky8%2FhbT%2BVeA0KjdkqCEgevJikMbPvPQBlYvGxzS%2BFZMaRiAp4AZ2pgxxcwQ56DO8WKQQ%2Ba%2FB4NQDkbAoeRkvpJaJBMwPydFbM8QhkkHXK4%2FmSRy5icYE%2F27QZEPUzDZgG47DpWa%2F0dOVf0jJR4%2FUyRl01SHWjxiO2kk9WosWRMnjmJPMNnR8Ay0Z51b4zIIhzI2xYZuL9f9QD9rXyqENDUD8omnd%2BAEOiugKyN1DzTLkp%2BcfxcWfblp%2FssY3ZQuiavEputbmbrqVY%2B8%2BQSjEem07KQH9%2Fk%2Ft%2B9Wt0IwEbx3b6Or%2F0s4XH4qHbU5sqMLzXoCQ4d8PxVqDbngnxQ7ssMZd09T0OjyjIxearTBvydD1LUI3JWpCADIBJiIokJ7EQYhio%2FRJWyMRhWNAKkiTmTHiwlbaGtF%2BcoNARHkL1A5I%2FUAiAodGoE63iV5cA2Gc7V8jzBv8II9xpnNnIN8ajVJChhG9cYPNZ16%2B2eCIiamklAOUQinvqhBkE4gOltXpjs5LjkO4EZwa3u2On9E5QtQbCM2oVjRT49Oj3%2BHh9EEg03qMubVkkt5BvDsNhywG6K7W53dgMkj23UidL%2B48etZaIp4py3amcMKp33gjLespQof3x9ylHGRDWrhHEcp0p%2F%2FKKziu53PdMcigRf5byIO36EWEhbPp5%2F9CzmKvUNL2emoU1MthQBPVoWd0jB03C5aYq3HUc1IKtSSLJQZncWk8e8Ttfjz6Fs%3D&nvMid=29088411705&catId=50000817
의류,드레스,베스트,"[191.10923159977875, 189.5849829044398, 188.06826974986677]",https://cr.shopping.naver.com/adcr.nhn?x=TAYL1DYNLzyhlH4DARgAR%2F%2F%2F%2Fw%3D%3DsHql6uU6Owmiz6yH40Z%2FcKSiT584qU6hGCuKAtB0GicdAVSeJMwVEQZ9NYLvG80R%2B6FBlr%2F2N9mAFf0Zk%2F58Ryh4pza8ebIOIXPrPsGGS95ek6v2w9jBqMGR4TTsgYaQnGpQHKEC%2FIdbBVb%2Fd1n0H9ZHolO7yitsI2oeuXViy2%2BbIcpoeWLPODroGghdJIbxZ6TEGTCmrxO6C2KooocdfdYBsJjzV%2F3vl5Lmd9HbkUGKAdgRb%2BgHNGxfW4xcClBL9p09jIIlmsxxZ8U%2B6tTVOxXHufLbdz7FIeMNZ%2BtaIIBgRvfIZ5pBvzCShGzquE9pUE%2FV8qIq0FNIrnKASIDS84FVd6Z%2BmZ5fvTALbBBPmfKLmnGLANk9TjQtjOEdf9xG%2FqHWP9WllACkMWbJojMCORT1nRJ4yoQ1ByXgZXYF4asWrOK6TrhOIfzP73YoU0kgC9XkeSFQF0g7PBv6YczffdQp3GmZH8572EBGDELnqRN0zh9wvyEWqhRCkagpnNKNMuqzqQgxOboLi%2FSllvjZhbxitqR%2FhjX3rg97RwNFlYpQ3Eprk5RsmdrsJU702gN0RIpq4P%2BfAEIsrOSC0TXWo10mnVH6YlEt6rUfzzyZ2GZ5icchwRNwmJ84TyxvjggzF7TodeR1guynPiH790nraePrQecLGX7UQ0QeMZqKnEVPHICEQpPL7Rm%2B2fyhjEhHR&nvMid=32846801627&catId=50000817
의류,드레스,베스트,"[17.369468063161534, 63.829143079775946, 112.4551371668198]",https://cr.shopping.naver.com/adcr.nhn?x=D0xRMYCMpMVlFaLIg5Yc0%2F%2F%2F%2Fw%3D%3DsTGLWsXAwT0mSOtK0Ku8J8Dtcm%2Bkcx7Pkek0WMeZDTD5T%2B6Z%2Bzy0Mof3AKRS2vlwD6cW4VZHvFbydzwN6q2ph0Nof6jW5jHdz%2FbROY2pgmykluxxfm60J9z8rnZUjvqTWxHXx5FiasimgGmCRCFVxXiw87OQevUpneBpX%2BOtNLMeMp%2B2ut6Nm9Eb%2FSSg2v8zcSWzUz3G5xfGQ8%2B3tBOZJEWvqR2unsG9Pw6XBns%2FftjKEvnEsJpUOSKTOAj8EgZfofS4ihq0jEsxyGFAL8Eq21KJ3rliHxKKh7VOJbZTRgYxbyXw3R0mh5s92pZwd9EpDDnXawAhoxZI8euIBPGSU%2BaTq%2FbD2MGowZHhNOyBhpCeUgj7JhipZW7dJJfFyMQl0gwd%2F3%2BYOsvEnKlsQ0nBCN9RC%2BzwYer6Ps69Q2%2FK%2BLLHBRj6uBy7VJOlXK%2FmoisJhh2fWvhbzrwINjwc4kEQR0AR0u4mHXeAU64AEjUJpvLBtDqxFz0HX77ElWee0FGHJTMHtzHkn%2ByQmMLTP6qrQpKTNRqKGgnftAYX51oazLp%2B0aXUg7q%2BO2JF1J%2Fv4f9KhMmZLxQYTJKE7o6%2ByBCfPDsdtCpOr3KWYVnDGqVAkokytqaMHAJkj0DAJXiYJNZCZrCuzeboc7QiXBZiWFiUgZpxPnHgBEEyXfXMPE8Br%2FyQDfkLIyuldBS3f8m8e6nLmzUhNzs2VE%2B%2Bisqs3JAEppg%3D%3D&nvMid=31708397399&catId=50000817
의류,드레스,베스트,"[217.74922406147928, 215.19906517883783, 212.9713456990748]",https://cr.shopping.naver.com/adcr.nhn?x=o%2FzbrTNrogFGwqp5sFBcuf%2F%2F%2Fw%3D%3DsmXxsxVQJmRRgRpGLNC9HCzwU5JmXNRGpqq1gh28rTN4vGxzS%2BFZMaRiAp4AZ2pgxBdqHHG6InrLUjdbNxFLBBUbAoeRkvpJaJBMwPydFbM8QhkkHXK4%2FmSRy5icYE%2F27QZEPUzDZgG47DpWa%2F0dOVf0jJR4%2FUyRl01SHWjxiO2kk9WosWRMnjmJPMNnR8Ay0Z51b4zIIhzI2xYZuL9f9QD9rXyqENDUD8omnd%2BAEOisNoDNO648tgJAurLVS2gUSsf41mfdyXnNxjCQzSh8YII%2B8%2BQSjEem07KQH9%2Fk%2Ft%2B9Wt0IwEbx3b6Or%2F0s4XH4qHbU5sqMLzXoCQ4d8PxVqDbngnxQ7ssMZd09T0OjyjIxearTBvydD1LUI3JWpCADIGdWYt%2BoS9cgPOz5Xf5S2yxWNAKkiTmTHiwlbaGtF%2BcoNARHkL1A5I%2FUAiAodGoE6a7s96C%2FFGht0C8Hh1GRSN5nNnIN8ajVJChhG9cYPNZ3XVIZhMXqlNXOBcAI0iV1TvXDYG4bId%2Bj3ALdsb1crwuiuFqqo%2FjBCrMwcgEweAnPyNHyBUXwWVD2ki0TxnNzy23lK2cdhzfyEQu6WnDJ5Q4oINX4DRUPWpGNDGFme%2F0M6pKtcdu%2FRbRBLzejX8VXG5Z%2BU%2B3u9lHPzAtAaMrdOLmY8trRJ1brqDLYE%2FNUAaGuCqA6%2BrrPkSkQjk3bFq%2FUy&nvMid=32504362701&catId=50000817
의류,드레스,베스트,"[221.56762312065737, 217.68299434747632, 215.7852537006584]",https://cr.shopping.naver.com/adcr.nhn?x=nYSRy%2FuJwC%2B5nOZ1DHf5ev%2F%2F%2Fw%3D%3DsWmtVu3sIbhnMO4u57mcbUmS0Gost6BOMwdEcXjlie%2BEvGxzS%2BFZMaRiAp4AZ2pgxlZfeypH%2B6BSehbMocw9OeEbAoeRkvpJaJBMwPydFbM8QhkkHXK4%2FmSRy5icYE%2F27QZEPUzDZgG47DpWa%2F0dOVf0jJR4%2FUyRl01SHWjxiO2kk9WosWRMnjmJPMNnR8Ay0Z51b4zIIhzI2xYZuL9f9QD9rXyqENDUD8omnd%2BAEOitNPc6QqpX7ZVwXMot57RZ%2FSRubXFD2ReVQRebLyMjNio%2B8%2BQSjEem07KQH9%2Fk%2Ft%2B9Wt0IwEbx3b6Or%2F0s4XH4qHbU5sqMLzXoCQ4d8PxVqDbngnxQ7ssMZd09T0OjyjIxearTBvydD1LUI3JWpCADI1S2ic%2BRzmQxqW%2FyRmKTpZxWNAKkiTmTHiwlbaGtF%2BcoNARHkL1A5I%2FUAiAodGoE6E%2BL%2F0RV4d4eOzNHjRaleIpnNnIN8ajVJChhG9cYPNZ27LmUvtreSjyn0ir8Zc3%2BbgSW5Oug%2B7sCGFqXnWjKgwvseCl2xarjY4%2Fdzgy1S4FzewYTiPriSAYizDcS6wtH%2BCHA9PNl1UEUKcxhzMAwdULdwnQcI8axFZydPVax9lDTvW2q1ZBpuV%2F%2FvtKUgTGHnDsS6czNVedmY9QYqwmFwmZ5m8YEYzE%2B1Z3XwMMPguu1ayXn6DiW5pDuAQ%2FWDG5jNDVCYCaeglF2rgr1u2OQIzQ%3D%3D&nvMid=32241596258&catId=50000817
의류,드레스,베스트,"[207.72292199539828, 201.90695429757298, 194.73117449286684]",https://cr.shopping.naver.com/adcr.nhn?x=msdLSLMtUaWubCbC9ZgX1v%2F%2F%2Fw%3D%3Dswb2GkJboWyb5WM1tURpBIehtdBka%2BC9irlVWg%2FXIm7svGxzS%2BFZMaRiAp4AZ2pgxUo0SGcjUXYOVkhT%2FSNaC%2FEbAoeRkvpJaJBMwPydFbM8QhkkHXK4%2FmSRy5icYE%2F27QZEPUzDZgG47DpWa%2F0dOVf0jJR4%2FUyRl01SHWjxiO2kk9WosWRMnjmJPMNnR8Ay0Z51b4zIIhzI2xYZuL9f9QD9rXyqENDUD8omnd%2BAEOisnT3MIktCc8QPI2%2FDe0d%2FIv7q7rfHdEiMfUJQTzkf1VY%2B8%2BQSjEem07KQH9%2Fk%2Ft%2B9Wt0IwEbx3b6Or%2F0s4XH4qHbU5sqMLzXoCQ4d8PxVqDbngnxQ7ssMZd09T0OjyjIxearTBvydD1LUI3JWpCADIyELsdNMTSVQ2MDhoiktMgRWNAKkiTmTHiwlbaGtF%2BcoNARHkL1A5I%2FUAiAodGoE6P%2BJcI6O3ZQXK8xuvKs%2FLTJnNnIN8ajVJChhG9cYPNZ1GXnj0X71zEzPPdJiztyuJfj5hl33c8cmelodKX9Sg4r7kePyzVQN5UNhjUuZMqOm7A%2F0vSPti8cHY4o2fastwa%2BIxmcPVctIsH8%2F8Joy%2FU4P9iQwP0t%2BAzne6TRDkjuMWe%2FKinUZdUOWut9bJuddOUQQT%2B7YUsVHQdcVk9mbt9CFTUtnV0k4gFgW6%2BWCV9zIOEsHC78VBLnFZh%2FnDobeN&nvMid=27280319487&catId=50000817
의류,드레스,베스트,"[76.60331426895104, 64.4347097395946, 56.71380386734201]",https://cr.shopping.naver.com/adcr.nhn?x=ausi1SB0m%2FVX78dEv1Wmbv%2F%2F%2Fw%3D%3Dsvn7Y%2FoixaiZ7qk7NUzLKqFtURadFz8Y5NXo4ETxxqToRAs0PqA86DbgpLCnT9VtW%2BmO3GuBD1VDAoA8%2FRReWqIZnlrSZr8PDPdBCvs8uWtdKzInqKADQtYsSu9KSIlX7qjCIotr7nv3UShZr%2Fx3BWI%2Bn2sqydN0ETuA0DevBS3%2F7oq%2Ffp5jDuucL1JqwqGgD3IZpKv7R1G7ftbswwgHg0WT0ijqJmgB8QFB%2BxuSEEwEJqEqghy8%2Fdc8LEjDDVkaKFehFGoAoJYZgxv%2FwK%2BzCecFBmKCcVHpz3m%2B%2FLUUJBvhMvhtW4G6yDBK5EVRb9rudrW88A4OkWdxzhvB4j%2BrijRCGSQdcrj%2BZJHLmJxgT%2FbvvZ7cy0V%2B%2F3JBsNssXBqvjL69v23urMptUcxEKwGwTi%2FVBDMIut42nyyM8MGNK2LETFoBE7u1FkTaR5J%2BfqU50dPV29xAxgzcNH3T9TVd7G0WIF0%2FFNK69g5vrsUBgEAaApa4BrqxXwHw1ULalDvtKyc%2Fzl8WVGbaaXs6ywhg0y6Gg1brJHQmGiAdxaVPhKj2SLspO66ggDsbzij75ZA%2FlhaFPjnQ3AhBZ0e5wSF9i2hDlcRrIxInlUEDE6K8mOvqTrMWQNVfZs%2FgJB6Pm5TcLYnHIcETcJifOE8sb44IMxRkXw5WNiPiOo26kg7TlLo4KpTpAUt4ezN%2FKKZzVeolf5Hv1T%2FoDPeAT2ZD%2BWCfnsQ%3D%3D&nvMid=27634489640&catId=50000817
의류,드레스,베스트,"[188.94324088319038, 180.27814046322095, 139.59414112852522]",https://cr.shopping.naver.com/adcr.nhn?x=8KDtCC4qXmBctvpacYUx5P%2F%2F%2Fw%3D%3DsCHkNA%2BpyuY%2BN3BuxHJL4%2FyR1Qtj2eCFbGhrVkW3bnLJAVSeJMwVEQZ9NYLvG80R%2Bkghpb%2FoXtGUx872YNp78oR4pza8ebIOIXPrPsGGS95ek6v2w9jBqMGR4TTsgYaQnGpQHKEC%2FIdbBVb%2Fd1n0H9ZHolO7yitsI2oeuXViy2%2BbIcpoeWLPODroGghdJIbxZ6TEGTCmrxO6C2KooocdfdYBsJjzV%2F3vl5Lmd9HbkUGJl1x2ehf0wN0GTtgptvYagPfNgCbZBTXuX7I4IUtJI13HufLbdz7FIeMNZ%2BtaIIBgRvfIZ5pBvzCShGzquE9pUE%2FV8qIq0FNIrnKASIDS84FVd6Z%2BmZ5fvTALbBBPmfKLmnGLANk9TjQtjOEdf9xG%2FyUbKgNHOW8UpqPFUxZ%2FDbz1nRJ4yoQ1ByXgZXYF4asWrOK6TrhOIfzP73YoU0kgCHFq0OcGSCSSF%2FvHYEo%2BfbQp3GmZH8572EBGDELnqRN3oVzkCWmAOUBcKki7k6RKWOyI6SZAL7sPBuNALPulYYnjBaqP3oiokXI8sn%2BCs63TE1nieV1yAQay1utX4%2BAnFPUI3ObrqQ5GVaqqetr%2BP3LsD%2FS9I%2B2LxwdjijZ9qy3DWcGv3DvWEeLaREg%2FJ2tJNsqXD4gcOtva2oZCYcgPSARZ78qKdRl1Q5a631sm5106VQrbd1LZqjJGHPWk4x67aw0wsrTfckPOmBGofirmWGIKoDr6us%2BRKRCOTdsWr9TI%3D&nvMid=31876821591&catId=50000817
의류,드레스,베스트,"[30.013527696802925, 29.489504373183593, 31.15574344022056]",https://cr.shopping.naver.com/adcr.nhn?x=n5GQn0HTPLjhRKhppzEGY%2F%2F%2F%2Fw%3D%3Dsb8C%2FIy8RSB5JOsdMnE8k7ANgkOOQVcOzkgDfsPqW6ApT%2B6Z%2Bzy0Mof3AKRS2vlwDqd%2FORSRBbKUfmEKBCinecNof6jW5jHdz%2FbROY2pgmykluxxfm60J9z8rnZUjvqTWxHXx5FiasimgGmCRCFVxXiw87OQevUpneBpX%2BOtNLMeMp%2B2ut6Nm9Eb%2FSSg2v8zcSWzUz3G5xfGQ8%2B3tBOZJEWvqR2unsG9Pw6XBns%2FftjK3RxhH7GtO3KpBnCK5GmrDs5fLW5dpGD3%2FzjvSRN7MHaJ3rliHxKKh7VOJbZTRgYxbyXw3R0mh5s92pZwd9EpDDnXawAhoxZI8euIBPGSU%2BaTq%2FbD2MGowZHhNOyBhpCeUgj7JhipZW7dJJfFyMQl02d2H%2FmU%2Fy9LEqCQBSFFQNtRC%2BzwYer6Ps69Q2%2FK%2BLLGpExrM9bdsSD74b%2FJmw22rmEMEZLb1iS3KMEVrhBgnogR0u4mHXeAU64AEjUJpvLBxA3IoItLxI8hjbqiRgOmy8wvWYE2pBF1oAZFv5xZZGgjNq9ASm%2BoZOyO0i34ULQ60clugssDWsdyc3z6fFse78jR8gVF8FlQ9pItE8Zzc8mMi6GxcTrS7fgRGfz8bHfAyUjkdj%2BinXc6ycP1HqtL6OqSrXHbv0W0QS83o1%2FFVxsgnYRx%2Fcc9B%2FjHqgswyd5y%2BiGvAuumGX9fKtMK%2BbQVEDhLBwu%2FFQS5xWYf5w6G3jQ%3D%3D&nvMid=30532997917&catId=50000817
의류,드레스,베스트,"[39.69406435784896, 44.01663992952143, 51.79714384575968]",https://cr.shopping.naver.com/adcr.nhn?x=7hI%2B62Vj1D1wdWRBLYqC1%2F%2F%2F%2Fw%3D%3DsRzgft9yHHwEchNdBPfal99dPYpFmv6IPh7shF5%2ByHFZAVSeJMwVEQZ9NYLvG80R%2B38C6PJad7zInknaKZzcUEB4pza8ebIOIXPrPsGGS95ek6v2w9jBqMGR4TTsgYaQnGpQHKEC%2FIdbBVb%2Fd1n0H9ZHolO7yitsI2oeuXViy2%2BbIcpoeWLPODroGghdJIbxZ6TEGTCmrxO6C2KooocdfdYBsJjzV%2F3vl5Lmd9HbkUGLyNJ9U3d8EalQFBI1gE1sUmKj2CAAEtQsNYxBSZitQC3HufLbdz7FIeMNZ%2BtaIIBgRvfIZ5pBvzCShGzquE9pUE%2FV8qIq0FNIrnKASIDS84FVd6Z%2BmZ5fvTALbBBPmfKLmnGLANk9TjQtjOEdf9xG%2FIcc8cJqZYOTP%2Bu0eTmD3Mz1nRJ4yoQ1ByXgZXYF4asWrOK6TrhOIfzP73YoU0kgCoQO5YDh8A74%2F1Ssjus%2Fckgp3GmZH8572EBGDELnqRN33%2B2Ju%2BP2pzRIi%2B1MVJ4gllRQ3o0cB9OqTY164Xa1L10ugjh%2B3PmOEZklIoEZdVCyVLK3KYNQai7bwQREKRQAoemJ74S%2FBLK%2BmfU73zL5SVQC4DGvClRKcIroGiroVn%2BD4ek8bJhrWh9Rh0Uu7EvYNOND5UezQY%2FmjeEQyh4SXPC4kcB0NjTiMIi0z1x4fEiJAc0FMmbVW41BgsQo7cpb%2FPVcoj717w5%2Bh5HevVq4YOkHQIiXcF4qwUXZ2sX76wW8%3D&nvMid=32960218955&catId=50000817
의류,드레스,베스트,"[69.7526651444914, 53.77882056530254, 55.05503503661747]",https://cr.shopping.naver.com/adcr.nhn?x=J8DGZud3xChSDNPRr%2BuDuv%2F%2F%2Fw%3D%3DseK9cENeWcOQpdcvCV9Re63zWzvlgbCc4NMdR45gvNVUvGxzS%2BFZMaRiAp4AZ2pgxBpxbrv1qW%2Bg3afZ22Ed3w0bAoeRkvpJaJBMwPydFbM8QhkkHXK4%2FmSRy5icYE%2F27QZEPUzDZgG47DpWa%2F0dOVf0jJR4%2FUyRl01SHWjxiO2kk9WosWRMnjmJPMNnR8Ay0Z51b4zIIhzI2xYZuL9f9QD9rXyqENDUD8omnd%2BAEOis3bqKZ4k2cxsefqrpAi4SZU6K4pDpGBGlaXTbUvAqb0Y%2B8%2BQSjEem07KQH9%2Fk%2Ft%2B9Wt0IwEbx3b6Or%2F0s4XH4qHbU5sqMLzXoCQ4d8PxVqDbngnxQ7ssMZd09T0OjyjIxearTBvydD1LUI3JWpCADIRvVVSxXGvUa5RpwJN%2FrpfhWNAKkiTmTHiwlbaGtF%2BcoNARHkL1A5I%2FUAiAodGoE6WamvS5%2BmDMFpFEhOZiIm85nNnIN8ajVJChhG9cYPNZ0bVqryI5i7VdcMw455MIJGIro1ydaAfWgq8Zm14gJEdXwoQCZcDN%2BLGXJRKiinl0k8LYQfqh%2Fy8vFl9CHMxgiNALgMa8KVEpwiugaKuhWf4KUCRox1rmQO4sDg59oFnT8hdT2aiVueMDUtqTGBUCOJFXNks3maq6ZPJtT2yju40r8LfUGATRkO0KyVW50VitpnSC1I9YrJAMNh1PY%2BUgCwHRyPBWbUFRhWScTsgQynPg%3D%3D&nvMid=32330410805&catId=50000817
의류,드레스,베스트,"[149.1460165870858, 136.21239004774947, 126.66355868308531]",https://cr.shopping.naver.com/adcr.nhn?x=yvK5wMJnFslbWYJAFwKtK%2F%2F%2F%2Fw%3D%3DsPkViO6QSoNkAMsJmDYAG5pavJA7OMuSmdgQyvg9ILxovGxzS%2BFZMaRiAp4AZ2pgxMg9ZDZr7jEbhwKwvOSPvHEbAoeRkvpJaJBMwPydFbM8QhkkHXK4%2FmSRy5icYE%2F27QZEPUzDZgG47DpWa%2F0dOVf0jJR4%2FUyRl01SHWjxiO2kk9WosWRMnjmJPMNnR8Ay0Z51b4zIIhzI2xYZuL9f9QD9rXyqENDUD8omnd%2BAEOis3bqKZ4k2cxsefqrpAi4SZ3t0N84D%2FPUUEAeOv69e%2FjI%2B8%2BQSjEem07KQH9%2Fk%2Ft%2B9Wt0IwEbx3b6Or%2F0s4XH4qHbU5sqMLzXoCQ4d8PxVqDbngnxQ7ssMZd09T0OjyjIxearTBvydD1LUI3JWpCADIb0afGRxmXHBMcmFa90fCpBWNAKkiTmTHiwlbaGtF%2BcoNARHkL1A5I%2FUAiAodGoE6Fmbj5C%2Bhx7PP457%2FsRqpXZnNnIN8ajVJChhG9cYPNZ27LmUvtreSjyn0ir8Zc3%2BbsruO5rE54FS9E57psfwrlTFguXyNXvHK7lNaCTENnpXewYTiPriSAYizDcS6wtH%2BCHA9PNl1UEUKcxhzMAwdUD%2Fy6Vt102twAvW9u%2BFOcoLvW2q1ZBpuV%2F%2FvtKUgTGHnbRtqp%2Fe1mBKR4Nmiozho3yPHb9ZBFAZM%2BrvOOhhUJBtvU2Y6hEEwGxc1AZfON9sL4VRAH%2BsMDObarUodGweR8Q%3D%3D&nvMid=32330141232&catId=50000817
의류,드레스,베스트,"[132.29837938998187, 127.5628533885486, 122.48192243370183]",https://cr.shopping.naver.com/adcr.nhn?x=%2BDUViKc%2B1Ig5vVixO5Rflv%2F%2F%2Fw%3D%3Ds7gV1tUDvwfy1TQuM8VNX6pLRH0MRZdiizxtbGiqRnU1T%2B6Z%2Bzy0Mof3AKRS2vlwDG%2FE6DnPz9qbUm6Ej3v9%2FGdof6jW5jHdz%2FbROY2pgmykluxxfm60J9z8rnZUjvqTWxHXx5FiasimgGmCRCFVxXiw87OQevUpneBpX%2BOtNLMeMp%2B2ut6Nm9Eb%2FSSg2v8zcSWzUz3G5xfGQ8%2B3tBOZJEWvqR2unsG9Pw6XBns%2FftjIeoWk7K2n8X8gu%2Be3o6O0st34ucDD6M8lKQsuCTg%2Bu%2F6J3rliHxKKh7VOJbZTRgYxbyXw3R0mh5s92pZwd9EpDDnXawAhoxZI8euIBPGSU%2BaTq%2FbD2MGowZHhNOyBhpCeUgj7JhipZW7dJJfFyMQl09bvfBSQ6mZX01HHL7PV7TNRC%2BzwYer6Ps69Q2%2FK%2BLLHGXNti4UI1DY17K%2BEmEdrnmld2gvrQRq1215WOppjxvAR0u4mHXeAU64AEjUJpvLBB1pvYlSlU47NURIx4U5e4KrTRmJeXTNhPfAaYbsZb1A%2FGfC4eBJ3RW0eU4ViFk0zn5T20DoN%2B%2FP8kxnXuZqVNTK0Hrq2O2NhyvK9OEh3QEHJAOv72oAqqix%2F2Owpgc4luPuaUtBYrxuFajLS%2B%2FL2W%2FcVVIzcAuFigvFTZ3%2B8Uwq2powcAmSPQMAleJgk1kJnvyFeow6OlXQpC3fdM4RBxmjbSTFnJMjfUt4hKr9R9YlaFndIwdNwuWmKtx1HNSCrUkiyUGZ3FpPHvE7X48%2Bhb&nvMid=32273844271&catId=50000817
의류,드레스,베스트,[],https://cr.shopping.naver.com/adcr.nhn?x=8dEU%2BGea%2BkviFgAvx8sCxf%2F%2F%2Fw%3D%3DsDhSyjcHfiuCL0NLnhLE%2B3m6Sb0I7a8w2F%2FooCUKut2UvGxzS%2BFZMaRiAp4AZ2pgxpP%2BK7gT0fU1heFIixZFwskbAoeRkvpJaJBMwPydFbM8QhkkHXK4%2FmSRy5icYE%2F27QZEPUzDZgG47DpWa%2F0dOVf0jJR4%2FUyRl01SHWjxiO2kk9WosWRMnjmJPMNnR8Ay0Z51b4zIIhzI2xYZuL9f9QD9rXyqENDUD8omnd%2BAEOisBx3hqobSvM4r9%2BOjCOq7ibUP8HMi%2B0W%2BF94LYt93t1o%2B8%2BQSjEem07KQH9%2Fk%2Ft%2B9Wt0IwEbx3b6Or%2F0s4XH4qHbU5sqMLzXoCQ4d8PxVqDbngnxQ7ssMZd09T0OjyjIxearTBvydD1LUI3JWpCADIjuMfb%2Bxn1sjdFbtgVcEl0RWNAKkiTmTHiwlbaGtF%2BcoNARHkL1A5I%2FUAiAodGoE6%2Bl2ThTCr5scGxpysfeXl1pnNnIN8ajVJChhG9cYPNZ2HNS4HVTVh4%2BotJAFwI4ST4Z6f5hF88buIhiBcQhNDRNLB0j1VoyiX%2FuNtA2fWJxlbv3Oldp8tT59Gw8Q56u0dymvyy1sPUrlvhQrgvfpCxngUP%2BBvIEaGfDyQk2XSP5LqAluJMBc0T0ncil99lj9coWGf4SP5DfOI3upP%2Fm38l881z8Ued8uM8aGiGZolEPfduLsbz8yNxWFpsL%2BLNLWMyxN7sowf3bBszTOFNQxvCQ1QmAmnoJRdq4K9btjkCM0%3D&nvMid=22828932932&catId=50000817
의류,드레스,베스트,"[53.09185378075698, 67.23431435168054, 59.412519038957285]",https://cr.shopping.naver.com/adcr.nhn?x=SIhJUu3Sp1dG8ogVefRiT%2F%2F%2F%2Fw%3D%3DsHpvUlgJQ9p7rSbvUddJkWIYQbUj3CFdIIByNVTm3DaIvGxzS%2BFZMaRiAp4AZ2pgxMXx3Q5Ajqcauy3%2Fmir9FckbAoeRkvpJaJBMwPydFbM8QhkkHXK4%2FmSRy5icYE%2F27QZEPUzDZgG47DpWa%2F0dOVf0jJR4%2FUyRl01SHWjxiO2kk9WosWRMnjmJPMNnR8Ay0Z51b4zIIhzI2xYZuL9f9QD9rXyqENDUD8omnd%2BAEOivPDt4IjKmDNSOMm9f4rBdMQe%2FWo2qzsRMxDaBqBzG%2FaI%2B8%2BQSjEem07KQH9%2Fk%2Ft%2B9Wt0IwEbx3b6Or%2F0s4XH4qHbU5sqMLzXoCQ4d8PxVqDbngnxQ7ssMZd09T0OjyjIxearTBvydD1LUI3JWpCADIuShlvNvEgNW9a%2B8QS4dyZhWNAKkiTmTHiwlbaGtF%2BcoNARHkL1A5I%2FUAiAodGoE6y09wgivB%2BGionxrbIlL2vpnNnIN8ajVJChhG9cYPNZ3hjymPuIY6CHC5SNWw4wjYcGftlLjw9RzwkPrg9Ouzdrr6A94i7jjE5amiYIhI78Lvud2gWruqHhun6TQjb%2FzYnD4GLSJJqvBcpveyUQCnMm9Rl0MyFCIeISultaffNiNPwCXFJiRdosf3os3K%2FWn14pkTeeW%2B5XO%2B9EfW2Vmi5AScp4dmyABo1ycSm%2FwJI0hvU2Y6hEEwGxc1AZfON9sL4VRAH%2BsMDObarUodGweR8Q%3D%3D&nvMid=31278421225&catId=50000817
의류,드레스,베스트,"[168.9503857905961, 133.42586445670187, 104.91631311687766]",https://cr.shopping.naver.com/adcr.nhn?x=af9lpnJ%2B8thbQrU3dZjcgv%2F%2F%2Fw%3D%3Dstx6tLhsb2cUChl2UCh5Y8Sr8CBsXdxzYhWdSRwV7vv1AVSeJMwVEQZ9NYLvG80R%2BKgrPWdUXg4N55guWQic%2BAB4pza8ebIOIXPrPsGGS95ek6v2w9jBqMGR4TTsgYaQnGpQHKEC%2FIdbBVb%2Fd1n0H9ZHolO7yitsI2oeuXViy2%2BbIcpoeWLPODroGghdJIbxZ6TEGTCmrxO6C2KooocdfdYBsJjzV%2F3vl5Lmd9HbkUGL7n7QEJVexgC8%2FE3AIJCfakE1PpnHp6bC4VZgYtR99cXHufLbdz7FIeMNZ%2BtaIIBgRvfIZ5pBvzCShGzquE9pUE%2FV8qIq0FNIrnKASIDS84FVd6Z%2BmZ5fvTALbBBPmfKLmnGLANk9TjQtjOEdf9xG%2FlkM0q62Q%2BDGWNtiNaGHZ5z1nRJ4yoQ1ByXgZXYF4asWrOK6TrhOIfzP73YoU0kgCxjPJPD5QsuPwbAyKfFqUNgp3GmZH8572EBGDELnqRN1lZa8zjzq12PA%2FK2M5tmXqGxXtk04vp8FXVT6%2FyQMZCO%2BbGSwEabQ3GAkYLGdRvtJoP3KpYrlK2nvH5cZ5Wkyj7HXKO%2FjR4Ws4f%2FA%2F1fgGCDofHdcPD3F1K%2FrTdKz1JQTqer%2BQ%2B88bq2%2FF72vKgZJOjr%2Fvhuz%2FM2bOeEg7k3nONZICg%2BvQUHR5qBCBKDHr9pTH2e%2FBXFjP6GB57fE70iOzy1Vhq%2FH77x9Zlr1IFzyuow%3D%3D&nvMid=31293727534&catId=50000817
의류,드레스,베스트,"[31.552239083901213, 30.964602923368858, 40.31527790708054]",https://adcr.naver.com/adcr?x=GNXRpTSs5D6n9O7SKscgvP///w==kzUR+gVyWwEBvpvaSl1oo3mhfnxvCo3vtJcJbqnpqYOiCFJWR7r4Ty59B2m5rqYWFoW80WAVaASLufAUA31x/HHB0Yu6tcGDuFvGFZxGaUyGdJ/PeAiVPb5Tv+ex87NWk/ykBy3bbP8w8G/L2crpcsrZ/DMXvBaPjHeqRTSbNRelhksse3u3ILbrIoo3ldxq8fYjjBoMnEVungLQ0LFcyssoMVbTOVUg0Mv7ERR/5uLY7Wg7428KUWE2IXwBVILnERfDrwaE8YoKSv1HhMgnOy5e+Od9FIGuMQXQgxRbPjemgqBphkS4FHttjqQf4kmRS/2xspt/ZOBd+J+tka4tJeQm8xMQegq+pZlyzy5VAsXLAjsD1yM45DrJaZFpZA8Doyv7SZUiynaPhzWiJaWGyHo44XmmLZyGD/+ujFAAQBGv3cRXnM87WtnyDhMI4GNgYEiVpj+OmIMWod5vMNxG0TAX+AJXR8PNfFIfI4Z8M/hn4ICQoVU/5Q7xn8/v8e/El+paDufSNFPthsCuuOl565gZxnJYfbGivaz4jJqHXXTVr+xV3J5WmGBNAd9D+Z7MrUVGIAP85GFLynw3nEus7zcCvY+QQ9heTkwkHUvzBAGuUnGf+4sp/DrAfo5/nsk4aLni/Z8BIZ1PucvCrt1fbMt7ld3QcgjywmeU/b50Wg1fUnKgsH43qJlCbeuz2o3f+ymPrLd0Kn8wLfjSetONu9KjM3f0N8Aq4FWxs0wnzpKETODT0TrTvo/7ziko7q/6dsYCAqDe8NYRfwolkgoOJXKrpiNcHLLehR2sVDN6vLE2O9PQRXxETIozJFBn/XLvyud+nJdy3mrjf5PzVR37K7T2G6kKoupfnX7ESEW4ZoQiAVLzsZsVFxOfqWgQxBMuCvqZ4bVFwAuRv/pXA/GpF7fcBl8s9JhtspVdeSq3PMqlMmdkSdnWDrebkn8SvkkooYHxvrmN4DcoRzVJT2GNKcEyY5wmwQwIpAtv8CgZHHhHzRfptDSKL3MqYNlgk0zX1TpCyHx1tO7HLmU0EncLXg5NQM0ZBnpG25M5g56ZF9/4Ubmus1jBOQyaIUU8KKfWvlVPdxzoc/oNLzQ6lhJnPKDIA0Xr67uewIjjH9gpNLfO+eb6BwDqWlN1egBQ/obOXhp+LcvCmose5h8ab6nqYPn10E6uf2kb7qsSHsLM2aoOgeyCWwATktyfotdJ89Vb9
의류,드레스,베스트,"[193.50801313955992, 47.43982679673877, 43.4186740991577]",https://adcr.naver.com/adcr?x=S+ymTntwSQVVZDNiSGK0Hf///w==k/q9DLRCnyQx2UboRTP/4ogGuh8Er/0vnSq0pWr8cbJmQcpog9Y7tOZfP/urGVHT+f6373spfCXfBHr50j0Rr5UHn48K8RNkj9zDlzmWum6h2yTsi0meofE5NqliS6DAn5z0GwUC8eepgnVpCmyj/l2rDKfBz5YTtP+En36bjXdPcfqhf6+hlPDAuNk0szisa5uHL5yMbhFVNYfUiw+JTFAUhF8eqTflsNR2ERMPrfsoM0xJXgx7YTCZP03pAjGPJYaMBdcnV2mrxdEvtgrEpKqWObui4BZUCCdKsxX2gLRDhIrMY69lHHCLROKMpx7J2xnIcOQfhsCDg1aKDieyv3K5gCOqxbJ2pW0w5Zh3fyEviHmLTQ0ipGqlTIZgAq06dMrLC6Bygq2fwarsJ7GQ3XauyW7zNVT9zsgAn4Q4ujpNC0UNtGf07VWOb+emMX5MStQighGuXXfI+6go7ypQ37wS8Oumb0tYs/Z2T2ZY+uNZwrPg/pAgbhCoik7j4pKzvJglZg1wrzRbLiyhw8iojx8s/rNX2QykJePKHUhOnjsn1qTw7/56JQGNF5nVdOvWH5a659lN9oeypnHgNiU+UTppkTb5tK3XhGEUEy7BcwEVjh2kvEC3O1Z7PQ7AcLo9b/mMVGEO/tzHessY9fSOJkK2oymTe4Vm+nCUaZ9j2cdrTlXiHUwuEK+ZZSBAHHt83UDEgg34FoIvyms/EJW3tz9nbqrw7L3mz1VR/4e4JP9K5urj4dJ6IaBkWerNFIj1BTSu/VdFCvBxnQbf2uT20ISrHVkTme9191r7+vzJiBOOHaid9jgLYUc4Ni/wtdWsuNUULuQE4J1kH2D48mh4M77soSGXpfyr81I3/18o41F22jdVk6LkKLTIlDoleECB5Zp84vRt/+7XN+FD5ydvswEU9TrnxGftzgAZ7uBR7XWQ+2KBKxF5TwKGRhj1amZAjDa6yfw4EndtZUPjxC5fH5bHTNmhbvbCU5MgZ2YYfrmm4n5tK/Kf0x3dj90BfLppp
의류,드레스,베스트,"[47.48843903209452, 46.56903368652392, 53.822141388600855]",https://adcr.naver.com/adcr?x=3XX1dXOe1qjwnTX5xtQXVP///w==kdW0Hz6LxKlMsYnDWHZJ2enKEj7KZMFaQmfavkZepC+SOEe3vVBOiUhVg2SwaLotX4DDiWe+YkhwteuIZy6ZulkyeOQsg3QFZLeL3XDSxlT2bvqIPha2eghCSieZWVZt1J4AOFITkFDUBGhTHR75bZE+fh6tdO5fV9JBa+jJdZHNhiKWO4L9o3SUNT8Cp6zKZmMIqQXbEapOl3I4VlU3zx2QXEf74n/PEWgMKGSGjnj6cxqFoFpyQnb1F+z6CpHJIPbbalYmSxdenC5aNfLsQwtiwroEp4Kb7efqLHIl9IJuOSVQkx5BkyKDXRF3ToXqhFcTcgCIDLjMm6EqNG1ps/njAHEySjqrcoTKkvkZOt2iSivlEKAuny+JdDnvX0OX6rmcEpUGh4MiqPFroeWeQ1ZObYSOQy1xJK8SnogzOZn5FyLvNoFlCUf/c2VC1e7Ek8cDaqCSkBA15BscbP+eh2rLMjm1VH8FakKwB1lbAmVRwWI11au8AoaIly0SCkU/UclMcymWykIjfLMl9pA/t9Fzj2QLAyGo/LiUdQt8816jPLavjvmVcET0RRAxiA8tMGhklFEUQ5TPENNVxPLcpKnBhxw+okjdcwjC0wo78vMBrFRWlm3lFJ2Bby1jixt4jBTkGLarusfsD0bYR3Bc0GeeSarGQ3f9G40h6636u/Y4MAKxvIXImGn3J4GJM1A+PDucOk6LQArRHNaeRnfZ21dHHoijFzhy4nzH9tN2gOT4Ir7tvNw9VLfeVlZuKOyBJ8igspd8YffgYvbyG7LFIc40qfbJjBOS3rL9O5c3U0/btOG4rPw6W7sk1MpXd3Wd7a8x2olvT0i0L+B0WMeUpoeOoFpO4LfRImdOnP3CiPIysKWMogY3nV6ChSxkg24pZ+Jv7Jz61WoFycfMi5BI0ALkRT4sqRZfALbSigpb1HR/CRN5z0v9MpwV/1oPwg11Aj9oX/hK0b4qu/bWcU0bhZQVSPgTr49ThnVBMlu36QGgjIDQ43cURRbU8kOqPq4KKiXXfKXZur+g3Xy9ArPQvovF87RbaCqmYC6UwdFFBM2g=
의류,드레스,베스트,"[36.31315233694926, 35.69367328822719, 32.368706192035475]",https://cr.shopping.naver.com/adcr.nhn?x=K9MX7VN7tsVVylrtMSpZmv%2F%2F%2Fw%3D%3Dsu%2BUU560w1hF%2F534mk5m%2B6kXvVNzHBT8OEKt1CPj8EhkvGxzS%2BFZMaRiAp4AZ2pgx%2FRqS5BakZExzF1X5LK%2F5BEbAoeRkvpJaJBMwPydFbM8QhkkHXK4%2FmSRy5icYE%2F27QZEPUzDZgG47DpWa%2F0dOVf0jJR4%2FUyRl01SHWjxiO2kk9WosWRMnjmJPMNnR8Ay0Z51b4zIIhzI2xYZuL9f9QD9rXyqENDUD8omnd%2BAEOitRMj8QZrTHJ5e9PcRWIIHoBMF8RWyhwtU67OnJ1cbKW4%2B8%2BQSjEem07KQH9%2Fk%2Ft%2B9Wt0IwEbx3b6Or%2F0s4XH4qHbU5sqMLzXoCQ4d8PxVqDbngnxQ7ssMZd09T0OjyjIxearTBvydD1LUI3JWpCADIjLwfiPBpVcRv4VsMHGbafhWNAKkiTmTHiwlbaGtF%2BcoNARHkL1A5I%2FUAiAodGoE64eouE1OCOpos2oTsts2ZQJnNnIN8ajVJChhG9cYPNZ1MZ0yZ948WRcaasSjUzdQj1H7XzBLW62%2BjXYc6m95ypqgXaUblblx6bH7VTSfSBjboN5YeeBDRusQ9OJX0%2FhTOo64ifB9DVeZ8ffla9GlFdga90JwuvI8CCvjbCoWpG%2F3oMmnUQh2ykTid5r35aTXniR3ZBI7UhbQnnCUb1HCdp4dsRHWkytZVwwDLp2hu2KepC1P8I4knoXhTUdnWCc3Iy1Vhq%2FH77x9Zlr1IFzyuow%3D%3D&nvMid=32091411770&catId=50000817
의류,드레스,베스트,"[150.9511291714615, 151.08634205983824, 143.70573216340478]",https://cr.shopping.naver.com/adcr.nhn?x=y0V5xZWp3CUFmN0IcQWSmP%2F%2F%2Fw%3D%3Dsy1W2%2Fj9AVn9k%2BQT%2BG3tDx9aVggLdAEiEgPl3VZh15NVT%2B6Z%2Bzy0Mof3AKRS2vlwDYJ1IVKMOQkH7fG9mR79lSNof6jW5jHdz%2FbROY2pgmykluxxfm60J9z8rnZUjvqTWxHXx5FiasimgGmCRCFVxXiw87OQevUpneBpX%2BOtNLMeMp%2B2ut6Nm9Eb%2FSSg2v8zcSWzUz3G5xfGQ8%2B3tBOZJEWvqR2unsG9Pw6XBns%2FftjI7p71PSw%2FKKyPn6mUXb%2F5s2b%2FEUQq7c3UBPjywACKw5aJ3rliHxKKh7VOJbZTRgYxbyXw3R0mh5s92pZwd9EpDDnXawAhoxZI8euIBPGSU%2BaTq%2FbD2MGowZHhNOyBhpCeUgj7JhipZW7dJJfFyMQl0P13W%2F1tyeQWEFLu8V1uwa9RC%2BzwYer6Ps69Q2%2FK%2BLLHBRj6uBy7VJOlXK%2FmoisJh6LwCgiKR4tMEwozI7lJ3rwR0u4mHXeAU64AEjUJpvLCdpe78n6lFU2NlzZVltyXhZOd%2Fxz%2BZMCFj3Tl6O9BCdv%2B0Qvfjp7P0eiSvgk6thTjyNHyBUXwWVD2ki0TxnNzyw4TKERycgM8X5LHqmRJ1yuynV3t4hV%2BMkZdbLxZysLU6pKtcdu%2FRbRBLzejX8VXG8gdvO7ljsf05VdqtqMC1kxc3hkbxx9z1Y7FbMhEHf9iFbDf4gHI5rSMJU1BWcIOg&nvMid=31692985672&catId=50000817
의류,드레스,베스트,"[22.75362944752041, 19.292880635193143, 19.437792764368822]",https://cr.shopping.naver.com/adcr.nhn?x=dVLOwp%2F0%2BQbNmTJKEqRuGP%2F%2F%2Fw%3D%3DsE5CvSXTOD1pLi1GiUgMKNXDGfx%2FmuDpKjAz0WYGE4NdAVSeJMwVEQZ9NYLvG80R%2BIyCCDqZ9ayaKlynEeIxi8h4pza8ebIOIXPrPsGGS95ek6v2w9jBqMGR4TTsgYaQnGpQHKEC%2FIdbBVb%2Fd1n0H9ZHolO7yitsI2oeuXViy2%2BbIcpoeWLPODroGghdJIbxZ6TEGTCmrxO6C2KooocdfdYBsJjzV%2F3vl5Lmd9HbkUGKL0jIaCoSP6Y%2BpZFT5n4IeI5bWqAzbg2vPd0XreLqFGXHufLbdz7FIeMNZ%2BtaIIBgRvfIZ5pBvzCShGzquE9pUE%2FV8qIq0FNIrnKASIDS84FVd6Z%2BmZ5fvTALbBBPmfKLmnGLANk9TjQtjOEdf9xG%2FJtq28gm0NyXONT0OJDmpGz1nRJ4yoQ1ByXgZXYF4asWrOK6TrhOIfzP73YoU0kgCuVSWrbXhuMxjR%2FbU%2BnGxzwp3GmZH8572EBGDELnqRN1i8vRI0BL2pbmhdx%2Fn%2FE%2F7%2F0nSq4P9qjXYPDmKkEyPYiZaNIHRhfGzIIwgYETy8gSzZ%2B788w6NEBbaoXYUaUy2m4hmyMxE9tTPTa6Af5Zhph%2BEfuhbOrolPNP5HMkr8wqIDf9TYDOC4LzgCehLsur5TfMpgTJzc8yaafW%2FW8t4bREPG09MtRj8oXi2raAjjLHke%2FVP%2BgM94BPZkP5YJ%2Bex&nvMid=32540609269&catId=50000817
의류,드레스,베스트,"[146.28384971945243, 112.99020086200034, 83.70919736522457]",https://cr.shopping.naver.com/adcr.nhn?x=irNLF2aXueKMHjtoMabU9P%2F%2F%2Fw%3D%3DsdZ%2B6Nk%2B8%2BtwQ0cPGMveFgnZD%2BGM%2BzEQoRP0DCQtSy%2BovGxzS%2BFZMaRiAp4AZ2pgxbUnLx4E95TGDcs4JV7imV0bAoeRkvpJaJBMwPydFbM8QhkkHXK4%2FmSRy5icYE%2F27QZEPUzDZgG47DpWa%2F0dOVf0jJR4%2FUyRl01SHWjxiO2kk9WosWRMnjmJPMNnR8Ay0Z51b4zIIhzI2xYZuL9f9QD9rXyqENDUD8omnd%2BAEOiulFoJTUDypeOOa595vG723tEyEAvjQCdA0kHV8%2FM3Yco%2B8%2BQSjEem07KQH9%2Fk%2Ft%2B9Wt0IwEbx3b6Or%2F0s4XH4qHbU5sqMLzXoCQ4d8PxVqDbngnxQ7ssMZd09T0OjyjIxearTBvydD1LUI3JWpCADIQcCUDf5iIqz833czh0TzlRWNAKkiTmTHiwlbaGtF%2BcoNARHkL1A5I%2FUAiAodGoE6gmU3CDBPq2OLLRcA4XP2aZnNnIN8ajVJChhG9cYPNZ3BKCYK8OJAgMPnEs07uhD%2BLsXcI3b7QC5JdyFLiZFjlkjcJQ%2Ful3CiWrDyqBl2YbL2k%2F0cYwmJNKtzSHESRhzBEfLdBBLCOItFSOSVM%2BYUrgSiqBvxpru7%2BEuP61SOlDqrEp2tGCn0rHbuNi%2BLtRucjr%2Fvhuz%2FM2bOeEg7k3nONa5Je2%2FR4CkjUzEeRXSzeVSzUbbu3GI4uxVysm6gcTEuaGimR4pR27mrh1IoDTOSgA%3D%3D&nvMid=32757750136&catId=50000817
의류,드레스,베스트,"[37.338050546867876, 36.2655926692116, 42.80594147208126]",https://cr.shopping.naver.com/adcr.nhn?x=qaqxMZGi7835%2FgGVlQhjfP%2F%2F%2Fw%3D%3DsY%2BlVibP8jF%2BcLfE%2FsRYneL3AFVZ2O9NhDmd7j%2FuXlc5T%2B6Z%2Bzy0Mof3AKRS2vlwDsIeevoNWZWFOwqwdCajRw9of6jW5jHdz%2FbROY2pgmykluxxfm60J9z8rnZUjvqTWxHXx5FiasimgGmCRCFVxXiw87OQevUpneBpX%2BOtNLMeMp%2B2ut6Nm9Eb%2FSSg2v8zcSWzUz3G5xfGQ8%2B3tBOZJEWvqR2unsG9Pw6XBns%2FftjJNNrs6eMyRiOyau9NnSOGeDGfcsas7qcoZT6XJcqgD7KJ3rliHxKKh7VOJbZTRgYxbyXw3R0mh5s92pZwd9EpDDnXawAhoxZI8euIBPGSU%2BaTq%2FbD2MGowZHhNOyBhpCeUgj7JhipZW7dJJfFyMQl0YNhol2EwFevgaSKlJ7BRMdRC%2BzwYer6Ps69Q2%2FK%2BLLHGXNti4UI1DY17K%2BEmEdrnyW5MWR2wT%2BiZD9Ik%2Bp3K9wR0u4mHXeAU64AEjUJpvLD1BH%2F6DnZNXO6kZ%2BvIgL7zvoSPivsZCRVPs0RJ6knegUytsXaSmPmVkBO6d66BoDsSocVnYoXzaLGhu2Rzg%2BzIvkWwmoWf6F6cntGmK6O6zu9%2FJP5%2FyB80SoIQhRKRi2bHV1DqujR6HBIJ0X0nkP69JQXA9fmJXDaInVM2p%2BAIlhTuwaFhb75z4qne8U9Cyb2%2FFeW%2Fc5sccsau6dvdbPmHcpa3dfCZomUmcY%2BlAIC5L5h6ICzYSvD6GDIIBYAuXyoGruH08DlKshetxY8KUEZb&nvMid=32505480353&catId=50000817
의류,드레스,베스트,"[219.88988670262816, 215.58934726493567, 212.21662519126534]",https://cr.shopping.naver.com/adcr.nhn?x=julNsltxNRU%2Bvc23tj4vqv%2F%2F%2Fw%3D%3Ds2eayX67Qvxzfutmk4aAm8Uz6uk249b%2BgsKyn7l98Oi5AVSeJMwVEQZ9NYLvG80R%2BvWJsn8WtvsqxbOGlSdTJQB4pza8ebIOIXPrPsGGS95ek6v2w9jBqMGR4TTsgYaQnGpQHKEC%2FIdbBVb%2Fd1n0H9ZHolO7yitsI2oeuXViy2%2BbIcpoeWLPODroGghdJIbxZ6TEGTCmrxO6C2KooocdfdYBsJjzV%2F3vl5Lmd9HbkUGJ4MZlEv8wu6k8v4Vo79uOlCnsxvXR68lV%2FMM6FN5ScmHHufLbdz7FIeMNZ%2BtaIIBgRvfIZ5pBvzCShGzquE9pUE%2FV8qIq0FNIrnKASIDS84FVd6Z%2BmZ5fvTALbBBPmfKLmnGLANk9TjQtjOEdf9xG%2FVr3I3sDA%2BlcdEcOtUIlh6z1nRJ4yoQ1ByXgZXYF4asWrOK6TrhOIfzP73YoU0kgCm2YWeE27%2BGYrZPhOZOvh%2Bgp3GmZH8572EBGDELnqRN2PNZDZ3PbV8Azri%2FZNmqTlmRe2nmNseAaZxLolbqrfUC13Lg%2BLN7ZhnTRWNnZTEDnLqV3285mXFnHofiQRZxnZdujmNG7b5g4CqAVnI97GNs%2BYxwZFcnhDxKF2UHVGhNTHV1DqujR6HBIJ0X0nkP69FsAjT%2Bzki2fH9UYDylh70GbApCCSKCfqnrp9zStoViyUNxbZ57PQoPh38tbGuTzbu22jc42rmRH2A9ggeXtT85h6ICzYSvD6GDIIBYAuXyoGruH08DlKshetxY8KUEZb&nvMid=29926259248&catId=50000817
의류,드레스,베스트,"[30.431059041386618, 30.81842461363911, 43.75596467487313]",https://cr.shopping.naver.com/adcr.nhn?x=8TPFxBhI2WsnxVhTZs1ewv%2F%2F%2Fw%3D%3DsAXQeBsDZQRmFy1Q5Z6kUqUt9Q6WhZrzK2rQTUnYxF6pT%2B6Z%2Bzy0Mof3AKRS2vlwD1L0tF5CByDJEC9NsFjaNadof6jW5jHdz%2FbROY2pgmykluxxfm60J9z8rnZUjvqTWxHXx5FiasimgGmCRCFVxXiw87OQevUpneBpX%2BOtNLMeMp%2B2ut6Nm9Eb%2FSSg2v8zcSWzUz3G5xfGQ8%2B3tBOZJEWvqR2unsG9Pw6XBns%2FftjLaemG%2Fogu6Ci4I8fhg0o1ZWmglIePdgEZFFuZepBARjaJ3rliHxKKh7VOJbZTRgYxbyXw3R0mh5s92pZwd9EpDDnXawAhoxZI8euIBPGSU%2BaTq%2FbD2MGowZHhNOyBhpCeUgj7JhipZW7dJJfFyMQl04ydz5VaPLOUnsbi0N3VsJtRC%2BzwYer6Ps69Q2%2FK%2BLLHBRj6uBy7VJOlXK%2FmoisJhg%2FaXbPG7GVdVBsin9cpSeQR0u4mHXeAU64AEjUJpvLAyDaVUPsFh3zxlAVUxZnd3Q2l3C%2Fc%2FEp%2FQ6Wi8%2B1rAycJMOIMdU2q%2Bm8EEvXVkLwZM4ab891IqGkyJxcZtf%2FhqSrxpZuGJ5BSXbI6is1eBulxnymBMau7huBRiFGHDzbGe%2BmfGZMxJb2VgdgZB7cHYcNv6qA80RskP2Edy3YOzIoZNzu0m%2BTG9ff%2Bo8zehnIhboprL1ht%2B84KYkCgRBdy0rcwdMVFcHMZq3HsZ%2FrQBEh0cjwVm1BUYVknE7IEMpz4%3D&nvMid=31877815792&catId=50000817
의류,드레스,베스트,"[37.36814316319621, 44.192781252013376, 54.859498409527234]",https://cr.shopping.naver.com/adcr.nhn?x=xCgOZwrNcZMn9CnCozD9sv%2F%2F%2Fw%3D%3DsUSCRFhUs53MgFKVP8hH2MayKTwegf3q1X5R1svmOgihAVSeJMwVEQZ9NYLvG80R%2BFwNIPp4cY2ktSSeVBSQNpR4pza8ebIOIXPrPsGGS95ek6v2w9jBqMGR4TTsgYaQnGpQHKEC%2FIdbBVb%2Fd1n0H9ZHolO7yitsI2oeuXViy2%2BbIcpoeWLPODroGghdJIbxZ6TEGTCmrxO6C2KooocdfdYBsJjzV%2F3vl5Lmd9HbkUGJVjvzKXDzl1EfvhWgeoJw6Q%2Bm6LbtpaKZ6xPcVIXnklXHufLbdz7FIeMNZ%2BtaIIBgRvfIZ5pBvzCShGzquE9pUE%2FV8qIq0FNIrnKASIDS84FVd6Z%2BmZ5fvTALbBBPmfKLmnGLANk9TjQtjOEdf9xG%2FtgdsTb0Sz4jRgkKbL%2BnB%2Bj1nRJ4yoQ1ByXgZXYF4asWrOK6TrhOIfzP73YoU0kgC5hty%2BTAL2yrtnJA4%2F1waWwp3GmZH8572EBGDELnqRN2rPDQ8SeLIbVvfYIitNVYi5IpYyE5nkGabQuTq83NgJMq6IUmzYRiKYqemKlS2Hy14FD%2FgbyBGhnw8kJNl0j%2BS6HN8OMO662Nuzgqwf1Ck0KFhn%2BEj%2BQ3ziN7qT%2F5t%2FJcli83GlD0HUgSRT706OWP7Gnzjj0x9rpAC741dHB3g6RFbRoet6Ds2%2BUbR5MEJhawGruH08DlKshetxY8KUEZb&nvMid=32418211874&catId=50000817
의류,드레스,베스트,"[64.06173169427598, 64.58592876924818, 72.86519119575789]",https://cr.shopping.naver.com/adcr.nhn?x=Buq5O8YdunuwOzU1V67gGf%2F%2F%2Fw%3D%3Ds%2B4tnvi5sfyuEVC3MNgrvjr%2BflNs%2Bobr%2FBwD7Fiw7IAYvGxzS%2BFZMaRiAp4AZ2pgx3VCFCCufMfPRLU3CoUHgykbAoeRkvpJaJBMwPydFbM8QhkkHXK4%2FmSRy5icYE%2F27QZEPUzDZgG47DpWa%2F0dOVf0jJR4%2FUyRl01SHWjxiO2kk9WosWRMnjmJPMNnR8Ay0Z51b4zIIhzI2xYZuL9f9QD9rXyqENDUD8omnd%2BAEOityyoAZvI6BZ%2Foc1ghtKMQ%2B8albDXLJRbYTP3A9nIbo6o%2B8%2BQSjEem07KQH9%2Fk%2Ft%2B9Wt0IwEbx3b6Or%2F0s4XH4qHbU5sqMLzXoCQ4d8PxVqDbngnxQ7ssMZd09T0OjyjIxearTBvydD1LUI3JWpCADIJ2bOJCKrfdu8UU4hnWmrVxWNAKkiTmTHiwlbaGtF%2BcoNARHkL1A5I%2FUAiAodGoE6sL2JDceFYBwXljTFPa19LpnNnIN8ajVJChhG9cYPNZ0HIqHNXsLIJf40MItLpPg1wCw4vOfZg7%2FEw1%2Fw%2FCXRpAbw7DYcsBuiu1ud3YDJI9vg%2Bh5nEgYmiX%2FOc%2FbY1fI8U4sUKvd8T%2BPVWDIQLl1NhA1q4RxHKdKf%2Fyis4rudz3RqvIMwXTBVE%2BB3i88CBtzci9NGzYOYwA5tyPpCM%2B3TdlaFndIwdNwuWmKtx1HNSCrUkiyUGZ3FpPHvE7X48%2Bhb&nvMid=30996350915&catId=50000817
의류,드레스,베스트,"[224.2799355524255, 222.15854787288217, 218.21675636761967]",https://cr.shopping.naver.com/adcr.nhn?x=FR1T3kh7Cp4PafWHIUNXyP%2F%2F%2Fw%3D%3Ds7TrAQJjC9PClesRdlbnYzBbDvgi%2F8nen3tEIyjDRuLBAVSeJMwVEQZ9NYLvG80R%2B55lRs2%2FY%2Bxn2KvtSYbTZzB4pza8ebIOIXPrPsGGS95ek6v2w9jBqMGR4TTsgYaQnGpQHKEC%2FIdbBVb%2Fd1n0H9ZHolO7yitsI2oeuXViy2%2BbIcpoeWLPODroGghdJIbxZ6TEGTCmrxO6C2KooocdfdYBsJjzV%2F3vl5Lmd9HbkUGKrMHMsEwGqR4LyKWxYUc66idAJhxj76Lqz7TCngFb0FHHufLbdz7FIeMNZ%2BtaIIBgRvfIZ5pBvzCShGzquE9pUE%2FV8qIq0FNIrnKASIDS84FVd6Z%2BmZ5fvTALbBBPmfKLmnGLANk9TjQtjOEdf9xG%2FAmi1AVTGZWwQLBdcysCLQT1nRJ4yoQ1ByXgZXYF4asWrOK6TrhOIfzP73YoU0kgCzr8fMEhmwEYt9pLuEYc%2Begp3GmZH8572EBGDELnqRN230H6RUwcN9kyGj4KBCEBZF2YNLSX9BauD9ReVUv5rqftZbU7M8pTn4h1f7%2BFK3%2BCpjpWQX0prkk6yxUeGJUts0Ra%2FJGP3ci1NqbqIRcr737Xc8sCre7saS9Ye6mx4lSqIDf9TYDOC4LzgCehLsur5V8iRURjWE745hXwDTvWq1rv%2Ba1TW525JJ7vtS9XlebBXc50eBITwugSNPH3Ok09sVpGw61BSdoQRvEGgfFlc5w%3D%3D&nvMid=25025379022&catId=50000817
의류,드레스,베스트,"[172.0292190237266, 145.99697212188968, 128.31755953025012]",https://cr.shopping.naver.com/adcr.nhn?x=nvPZhTXWzhkNYlS0M%2FejJ%2F%2F%2F%2Fw%3D%3Dse8mu2J1sU3SLmzJD8qmVsgcOP5N6dHeLUb9258rDUmZAVSeJMwVEQZ9NYLvG80R%2BjCD9CE6%2B4nsCz1aR9FGP7R4pza8ebIOIXPrPsGGS95ek6v2w9jBqMGR4TTsgYaQnGpQHKEC%2FIdbBVb%2Fd1n0H9ZHolO7yitsI2oeuXViy2%2BbIcpoeWLPODroGghdJIbxZ6TEGTCmrxO6C2KooocdfdYBsJjzV%2F3vl5Lmd9HbkUGKq0tRoAzrwf0PpuuLpr6V9cICKJPN%2Fpaf%2B1dRqwUnDYHHufLbdz7FIeMNZ%2BtaIIBgRvfIZ5pBvzCShGzquE9pUE%2FV8qIq0FNIrnKASIDS84FVd6Z%2BmZ5fvTALbBBPmfKLmnGLANk9TjQtjOEdf9xG%2Fsqknfu%2FT92mRgf0Z%2BG9Fkz1nRJ4yoQ1ByXgZXYF4asWrOK6TrhOIfzP73YoU0kgCWqtoque5TpscE65YNLaZ2gp3GmZH8572EBGDELnqRN32MJoivLoONygv5zWGrL38rwYik%2FO%2Fvcsxt6fwJYszcnuv0eYpdpXTqXAjtFaRWENTDj%2FWlBFJdCtyclNBC2EIl6KGLuH9qOI1E3GVoA8U%2B0FE0hSlWj6TRPgwevf4Tb1PwCXFJiRdosf3os3K%2FWn1DF3SzTztdyWM1OC%2BxibVYI66s8cm%2FerV3Rxfx9OrhnpvU2Y6hEEwGxc1AZfON9sL4VRAH%2BsMDObarUodGweR8Q%3D%3D&nvMid=26483583973&catId=50000817
의류,드레스,베스트,"[88.49050186260685, 69.78171637474713, 56.573405215311936]",https://cr.shopping.naver.com/adcr.nhn?x=MQt80W6tyufh4RUJfsZyvv%2F%2F%2Fw%3D%3DssoHXgkFsQuSyVC4drL7j0o3YN75UjClwePnfI9qzDmUvGxzS%2BFZMaRiAp4AZ2pgxsViJGvC88J9XlTAX9CbpDEbAoeRkvpJaJBMwPydFbM8QhkkHXK4%2FmSRy5icYE%2F27QZEPUzDZgG47DpWa%2F0dOVf0jJR4%2FUyRl01SHWjxiO2kk9WosWRMnjmJPMNnR8Ay0Z51b4zIIhzI2xYZuL9f9QD9rXyqENDUD8omnd%2BAEOiu%2BHCTzTf5pja0uAgOW%2Fm8K4pcLyaaRK77bP3dltFN%2FP4%2B8%2BQSjEem07KQH9%2Fk%2Ft%2B9Wt0IwEbx3b6Or%2F0s4XH4qHbU5sqMLzXoCQ4d8PxVqDbngnxQ7ssMZd09T0OjyjIxearTBvydD1LUI3JWpCADIUaAFGb8lXTgh2DzhKkHo7BWNAKkiTmTHiwlbaGtF%2BcoNARHkL1A5I%2FUAiAodGoE6%2FXTz6YnR%2BvwurEJP%2Bu91P5nNnIN8ajVJChhG9cYPNZ1jNFiuBk1tHykluBlGPNhIgothoi0lnuvfyR4Afc14m4jjO9Z1IRXQpAaV8%2Fej5xh4H210zjTy%2FLLGSJqQMlawHsIGqdIWdkloyfapDN9QUjp6zWWgnf97yd2nJ6B8%2F4MkyP43TkPbWCqGu50OtNbwTRgKHLFJ8J44MNJwRc0fVHWlwGMMx26roUb%2Bgy0NBPoTscV5DwrCpgjUQ4J%2B5oxIYnHIcETcJifOE8sb44IMxTT5RxzSCyD7aQtfJdEeYOEpZn4AvF0jwy0fV4q7KKnF5Hv1T%2FoDPeAT2ZD%2BWCfnsQ%3D%3D&nvMid=27719675117&catId=50000817
의류,드레스,베스트,"[28.14901892991304, 29.60869565216312, 35.16075287406642]",https://cr.shopping.naver.com/adcr.nhn?x=mOqzaWAdAHUYg9iC8JXWj%2F%2F%2F%2Fw%3D%3Dst2Rf3993IK3sYv13FDLQ7v7Q5cY7Q2j20fU8VjRRx2hAVSeJMwVEQZ9NYLvG80R%2BRAKhFnNuFxVR91BY3%2F6%2BYB4pza8ebIOIXPrPsGGS95ek6v2w9jBqMGR4TTsgYaQnGpQHKEC%2FIdbBVb%2Fd1n0H9ZHolO7yitsI2oeuXViy2%2BbIcpoeWLPODroGghdJIbxZ6TEGTCmrxO6C2KooocdfdYBsJjzV%2F3vl5Lmd9HbkUGIwfx0derzAKJ7I6vWg5NkBqPrKwgIzpuxolpjj9%2BOD83HufLbdz7FIeMNZ%2BtaIIBgRvfIZ5pBvzCShGzquE9pUE%2FV8qIq0FNIrnKASIDS84FVd6Z%2BmZ5fvTALbBBPmfKLmnGLANk9TjQtjOEdf9xG%2FPFOOlh8oIatgjQguQZdQPT1nRJ4yoQ1ByXgZXYF4asWrOK6TrhOIfzP73YoU0kgChxje5xFhR1KyvyO17cVUFwp3GmZH8572EBGDELnqRN20xR%2F1wiiL0pDb7T2SPdw%2B7%2FKKAqzvHK4fhenZQTUrOePfD0wnqn1WIkBDvU5czCLpvbh8jSNn2BRJQlVhOTCX8v4eQ1MHl0wJLhTrvKkKOvI0fIFRfBZUPaSLRPGc3PLGNeXpf6H6c7sPvrcCDRLWQF%2B%2FuuxchfdnBe7y7keWEzqkq1x279FtEEvN6NfxVcY7DIgbzjZ1LcM3m0fILkJt1GGsPrOJryz3giEdFK6Q2g4SwcLvxUEucVmH%2BcOht40%3D&nvMid=31195199412&catId=50000817
의류,드레스,베스트,"[137.80061880432427, 128.17984000651234, 121.9831457243473]",https://cr.shopping.naver.com/adcr.nhn?x=8Uofad%2FkMdHIeitidGX1sP%2F%2F%2Fw%3D%3DsnEh5ELbspJXO0cZO8j3yQaj6pGM1OD1yVvQwVDgtgXxAVSeJMwVEQZ9NYLvG80R%2BNXczXbwlqLjA3SWeuqbh8x4pza8ebIOIXPrPsGGS95ek6v2w9jBqMGR4TTsgYaQnGpQHKEC%2FIdbBVb%2Fd1n0H9ZHolO7yitsI2oeuXViy2%2BbIcpoeWLPODroGghdJIbxZ6TEGTCmrxO6C2KooocdfdYBsJjzV%2F3vl5Lmd9HbkUGInfcgUIrWLuD1IdtsUDrZP1amz5XZs3Gxx2ebTxnyRrHHufLbdz7FIeMNZ%2BtaIIBgRvfIZ5pBvzCShGzquE9pUE%2FV8qIq0FNIrnKASIDS84FVd6Z%2BmZ5fvTALbBBPmfKLmnGLANk9TjQtjOEdf9xG%2FwYrH1yNTyFtatvcY2lc%2Fbj1nRJ4yoQ1ByXgZXYF4asWrOK6TrhOIfzP73YoU0kgCeopB4ZuVOFCrjX6%2FYqKIFQp3GmZH8572EBGDELnqRN2SmbCEqE50LreP9gOuoV9fwI0R6SvGoS%2FvtupS4h0HsthfF7uld%2BRPTucLS%2F29TUMVBfTcb2EWkl6kSz0rjvvyXGfKYExq7uG4FGIUYcPNsRZE2Qy%2BbpOcVJsckAoraP69ON2dsGJskSS69G%2FdF2YnZhhMknvaojhVjc5ugywgjgSsJtgsW3jxZFYM5Yh7UCn6HaE13TzUur28rngC7HalHRyPBWbUFRhWScTsgQynPg%3D%3D&nvMid=12421410631&catId=50000817
의류,드레스,베스트,"[230.18617406602806, 224.88069957569707, 220.5503052882156]",https://cr.shopping.naver.com/adcr.nhn?x=yLoR4n9B8GAofKXK1Wh%2Bsv%2F%2F%2Fw%3D%3Ds5AWyRNERFZp2aLMFjUi2w%2FK6lXIX7vO5xFP%2BYgOspZ4vGxzS%2BFZMaRiAp4AZ2pgxCbzMSPJgk%2BesT%2FKBpobVdEbAoeRkvpJaJBMwPydFbM8QhkkHXK4%2FmSRy5icYE%2F27QZEPUzDZgG47DpWa%2F0dOVf0jJR4%2FUyRl01SHWjxiO2kk9WosWRMnjmJPMNnR8Ay0Z51b4zIIhzI2xYZuL9f9QD9rXyqENDUD8omnd%2BAEOisWx8ydOBkUAshThb8Vf154y2yIZjBodU5%2BhcFSYF0K34%2B8%2BQSjEem07KQH9%2Fk%2Ft%2B9Wt0IwEbx3b6Or%2F0s4XH4qHbU5sqMLzXoCQ4d8PxVqDbngnxQ7ssMZd09T0OjyjIxearTBvydD1LUI3JWpCADIRdPG8LOvjDZUzxRuo6W4PhWNAKkiTmTHiwlbaGtF%2BcoNARHkL1A5I%2FUAiAodGoE6EkLArkkHZYX4mQtoMXNbn5nNnIN8ajVJChhG9cYPNZ1GXnj0X71zEzPPdJiztyuJ1s7B3XivpYSgYcgxbKoOkxzBNc1FSCbmlVIUlChqlYUhJksfmXdvqpSnpH0BJTLax1dQ6ro0ehwSCdF9J5D%2BvSGDmmSWrcr9UYgY%2BhD8YMjesXRSG9V%2FghLcRXrPa6hPqeLqsl4U3gatND4CBfEmWmCqDKpcQkpcQqSY8%2Fy0g5zhX3oBSVMbMU8AQhK3s6YNQdAiJdwXirBRdnaxfvrBbw%3D%3D&nvMid=31254084216&catId=50000817
의류,드레스,베스트,"[125.84236099060448, 123.49416197724334, 127.81134881876051]",https://cr.shopping.naver.com/adcr.nhn?x=Mh74W6VOiJ62SKdEqLTafP%2F%2F%2Fw%3D%3DsTQnrBQE7LsZ5C8sPBjbG3%2Fw%2FzS1DgmhP1jzgICd3vitT%2B6Z%2Bzy0Mof3AKRS2vlwDONmSMTgD3vY43LJWfHGs5tof6jW5jHdz%2FbROY2pgmykluxxfm60J9z8rnZUjvqTWxHXx5FiasimgGmCRCFVxXiw87OQevUpneBpX%2BOtNLMeMp%2B2ut6Nm9Eb%2FSSg2v8zcSWzUz3G5xfGQ8%2B3tBOZJEWvqR2unsG9Pw6XBns%2FftjKPDrLIi4ABUxlyZ%2FeeUC8kJgwJLakuFWGmUddllumAIqJ3rliHxKKh7VOJbZTRgYxbyXw3R0mh5s92pZwd9EpDDnXawAhoxZI8euIBPGSU%2BaTq%2FbD2MGowZHhNOyBhpCeUgj7JhipZW7dJJfFyMQl0lELZ%2F6i7mFN1brXy9C1A6dRC%2BzwYer6Ps69Q2%2FK%2BLLEIT98IJhbso3pCAEumJvQBf1xOLicYhuCe0vUHoLtLawR0u4mHXeAU64AEjUJpvLBTcTgBxS9GDVrnxpHVt8ZqAbyCHzyUxQmM9JuG%2BAPfkPjGK5KiliGCmMIdqSBum6841KRXx5fA0LpzGiPTXl%2F9M%2F5y6AuJWBJhejkHxjnx3hLPHBVE1X9hF6ZkrnPWwISX9CXOcPw3RSoark1Gl2tCFpkJ6Nn%2Bq6xqh6O0OpZgKmhopkeKUdu5q4dSKA0zkoA%3D&nvMid=22568532591&catId=50000817
의류,드레스,베스트,"[154.61361754064902, 119.48844862909097, 88.25186347587253]",https://smartstore.naver.com/inflow/outlink/url?url=https%3A%2F%2Fsmartstore.naver.com%2Fbonitaropa&channelNo=100631973&tr=slsl
의류,드레스,베스트,"[170.07385431519495, 162.64733299602852, 159.17138126121347]",https://cr.shopping.naver.com/adcr.nhn?x=yWlcyJBcrg0%2FmiQ47UWsFf%2F%2F%2Fw%3D%3DsDBh%2Bom6Or3ThgFGrqzPV1mYEF0S0cZ0Ylu1USZlc7q0vGxzS%2BFZMaRiAp4AZ2pgxx%2FYLq5VDNCHGParlN8wRpkbAoeRkvpJaJBMwPydFbM8QhkkHXK4%2FmSRy5icYE%2F27QZEPUzDZgG47DpWa%2F0dOVf0jJR4%2FUyRl01SHWjxiO2kk9WosWRMnjmJPMNnR8Ay0Z51b4zIIhzI2xYZuL9f9QD9rXyqENDUD8omnd%2BAEOivjPyADiuT1l54a%2BD8zqsz0qguYN6E3KiHKIK3JKa1xU4%2B8%2BQSjEem07KQH9%2Fk%2Ft%2B9Wt0IwEbx3b6Or%2F0s4XH4qHbU5sqMLzXoCQ4d8PxVqDbngnxQ7ssMZd09T0OjyjIxearTBvydD1LUI3JWpCADIFymj6%2FaeZB3o8MOXu%2BldWRWNAKkiTmTHiwlbaGtF%2BcoNARHkL1A5I%2FUAiAodGoE6czXfjczhhRJJIadVtuwqHZnNnIN8ajVJChhG9cYPNZ2KKKJ2hf%2BiXve%2F5%2BHEZ95Z2A4RWXN5EEcuykfJ0UC6CXGCr2K5PTVi80ogPt1rWbCcOwbxcW5c1TAZx9Mi7SrwuwP9L0j7YvHB2OKNn2rLcEB%2BD6svbD2QHmihcqOpONXl2AhYKH0AWqm3Pa9twRWuU2AJF2uSTFBsK%2FwxCxULHEnGm%2FfYLab2DKv9fRrK1AYpEv%2F97GLYIklXD%2BevBOahDhLBwu%2FFQS5xWYf5w6G3jQ%3D%3D&nvMid=32713314743&catId=50000817
의류,드레스,베스트,"[100.75782949107861, 88.91722850514037, 69.02635203712053]",https://cr.shopping.naver.com/adcr.nhn?x=MIPhpFmE26Ma%2BSfpyvRqh%2F%2F%2F%2Fw%3D%3Ds9NjyXPP%2B9iwLXXkWHeFquvgetqgOqbMaRYCbjel1p3xT%2B6Z%2Bzy0Mof3AKRS2vlwDZLCQPBUsU4ED4U2M%2ByfZ59of6jW5jHdz%2FbROY2pgmykluxxfm60J9z8rnZUjvqTWxHXx5FiasimgGmCRCFVxXiw87OQevUpneBpX%2BOtNLMeMp%2B2ut6Nm9Eb%2FSSg2v8zcSWzUz3G5xfGQ8%2B3tBOZJEWvqR2unsG9Pw6XBns%2FftjLkjgtHwaoqkrs6fdiyqvDccLFP8WMTN9%2BFNetpByT0MKJ3rliHxKKh7VOJbZTRgYxbyXw3R0mh5s92pZwd9EpDDnXawAhoxZI8euIBPGSU%2BaTq%2FbD2MGowZHhNOyBhpCeUgj7JhipZW7dJJfFyMQl0pd7hyiXyLpt33eRf%2BXUcl9RC%2BzwYer6Ps69Q2%2FK%2BLLH86yMqB3Sf5Evn0RsKjcPZwMy105ownfToIV2ZDOkH%2FwR0u4mHXeAU64AEjUJpvLA5qEGdu4RlSdHD%2Fsve2OVCjUYZRrV%2Fi4M8EPvWizh3Avn6ajb1tAwUa%2BsmkVfHJMsRGlply1MlcBoLgCbqfZ5BJEXjS4HM3b1NVIuUKSW1TUpZQs%2Fftm5lGUEedhXxvu6Ov%2B%2BG7P8zZs54SDuTec41qyGkRpG25TDrz3e8UlIODU8ns1VEQucJULl4dkhzwnJoaKZHilHbuauHUigNM5KA&nvMid=28579824602&catId=50000817
의류,드레스,베스트,"[123.91632485644078, 112.69684025911243, 104.63684195637666]",https://cr.shopping.naver.com/adcr.nhn?x=kX91GQU4%2F7JKBZyJDRX%2BNf%2F%2F%2Fw%3D%3DsZviXWd6KPmPs4xAVg7ZxPlTh%2Fhz1XxWc5g7o2OppPHBT%2B6Z%2Bzy0Mof3AKRS2vlwDg10ItJTCBGSQhgVAZTYUx9of6jW5jHdz%2FbROY2pgmykluxxfm60J9z8rnZUjvqTWxHXx5FiasimgGmCRCFVxXiw87OQevUpneBpX%2BOtNLMeMp%2B2ut6Nm9Eb%2FSSg2v8zcSWzUz3G5xfGQ8%2B3tBOZJEWvqR2unsG9Pw6XBns%2FftjLdvBDK1dBMRmu7YSbEw3n1syhnn2gMjD8F2zni9ekH86J3rliHxKKh7VOJbZTRgYxbyXw3R0mh5s92pZwd9EpDDnXawAhoxZI8euIBPGSU%2BaTq%2FbD2MGowZHhNOyBhpCeUgj7JhipZW7dJJfFyMQl0BpiKoUYIFRXVHz7SWUtXAtRC%2BzwYer6Ps69Q2%2FK%2BLLHBRj6uBy7VJOlXK%2FmoisJhMlZ1LLTkttE8mFngpoIoGgR0u4mHXeAU64AEjUJpvLDhfVF1x2iWTwmiwdV6IgJSLsmKgANZ43FMPDlhDohBGWZCCsVQseAjg4POZ86HqmyHSjHWmyy8gcZwoCrHuwo1x1dQ6ro0ehwSCdF9J5D%2BvZMAkQ1WgoPTRsYC6MvWfgTesXRSG9V%2FghLcRXrPa6hPWrx2NJLKIh2mY3HDQV1kKvBEXwiZLiUFxxajuPGJA2I7k%2B6clIYYhUGQa68jwBtWQdAiJdwXirBRdnaxfvrBbw%3D%3D&nvMid=31884217596&catId=50000817
